tweets,quote_status,language,favorite_count,retweet_count,time,id,neg,neu,pos,compound
"RT @SuperheroTVcom: VOTE: Riverdale Time Jump! 
RETWEET: Archie &amp; Betty 
LIKE: Archie &amp; Veronica 

#barchie #riverdale #varchie https://t.c‚Ä¶",False,en,0,745,2021-03-04 02:45:06,1367305070258253826,0.0,0.828,0.172,0.5461
"RT @enigmaticjuliet: Agent Elizabeth Cooper ‚Äî 

‚Ü≥ literate &amp; descriptive portrayal of elizabeth‚ÄùBetty‚Äù cooper. time jump based. 18+. mature‚Ä¶",False,en,0,44,2021-03-04 02:39:24,1367303634980069378,0.0,1.0,0.0,0.0
I love this Riverdale time jump,False,en,0,0,2021-03-04 02:29:14,1367301078174347270,0.0,0.488,0.512,0.6369
"Riverdale time jump: 'm not feelin it.
Riverdale: Aliens https://t.co/hx15d23n5Z",False,en,0,0,2021-03-04 02:15:52,1367297712199237635,0.0,1.0,0.0,0.0
"RT @PainterBlossom: üçíCheryl Blossomüçí

Literate &amp; Descriptive. Canon portrayal of Cheryl Blossom. Pre &amp; Post Time Jump. Mains &amp; storylines.‚Ä¶",False,en,0,11,2021-03-04 01:48:39,1367290863815184384,0.0,1.0,0.0,0.0
"RT @Sgtarchieandrew: Sgt Archie Andrews 
-18+ rp friendly only please no hate and drama 
-Single ship only 
-looking for mains 
- Cheryl Ve‚Ä¶",False,en,0,10,2021-03-04 00:15:44,1367267480150798342,0.201,0.612,0.187,-0.1027
@CW_Riverdale No episode tonight? Couldn‚Äôt you guys do this during the time jump instead ? Lmao,False,en,1,0,2021-03-03 23:19:47,1367253401210396684,0.113,0.668,0.219,0.4696
my favorite thing about watching riverdale has always been listening to the podcasts ab the eps after but ever since the time jump they just stress me out bc i can‚Äôt stand hearing any type of barchie slander. so what do i do now...,False,en,36,0,2021-03-03 20:51:38,1367216114808291337,0.081,0.875,0.044,-0.4019
I‚Äôm down for this new time jump on Riverdale @CW_Riverdale,False,en,0,0,2021-03-03 20:20:06,1367208181198430209,0.0,1.0,0.0,0.0
give me 58 minutes to process the fact that ‚Äúriverdale‚Äù had a seven-year time jump and veronica says the current year is 2021 but i‚Äôm pretty sure they‚Äôve said the current irl year in earlier seasons which means the time jump is uhhh fuckin uhhhhhhhh UHHHHH,False,en,1,0,2021-03-03 07:46:12,1367018457578037249,0.0,0.856,0.144,0.8047
"In April, the rumors started about their breakup. In August, cole confirmed that on his instagram. In early season 5 after the time jump, bughead was also broke up. Coincidence? #Riverdale #bughead #sprousehart #colesprouse #lilireinhart https://t.co/TPQC2OGAEm",False,en,0,0,2021-03-03 05:56:47,1366990918813802498,0.076,0.924,0.0,-0.4215
/ not me simping over my og ship for time jump riverdale üëÄ,False,en,4,0,2021-03-03 05:02:51,1366977348944486405,0.0,1.0,0.0,0.0
Don‚Äôt get me wrong I‚Äôm glad the Toni is getting more character development and screen time but they should‚Äôve done this from the jump especially with Josie and the pussycats #Riverdale,False,en,0,0,2021-03-03 04:35:23,1366970435275997184,0.062,0.877,0.061,-0.0129
It‚Äôs funny bc in the riverdale time jump they go from my little sister‚Äôs age to my age,False,en,1,0,2021-03-03 04:30:49,1366969284744863745,0.0,0.854,0.146,0.4404
@CW_Riverdale Enjoying the time jump!!!üíô,False,en,0,0,2021-03-03 03:42:20,1366957085292920836,0.0,0.483,0.517,0.6458
I‚Äôm like certain if the writers went back to va/bh in season 5 the show would get cancelled after season 6 and I know the writers probably know that seeing how riverdale was losing viewers until the time jump so whether barchie is endgame or not (I hope so) they ain‚Äôt going away,False,en,1,0,2021-03-02 23:53:51,1366899585398894592,0.124,0.795,0.081,-0.3412
I haven‚Äòt been totally satisfied with Barchie scenes post time jump. My favourite scenes so far consist of Archie‚Äòs smile when Betty talked about her and Kev wanting to see his abs and the car scene. #Barchie #Riverdale #RiverdaleSeason5,False,en,1,0,2021-03-02 23:33:45,1366894525147459590,0.0,0.866,0.134,0.6801
"Remember that time in Riverdale when there was a six year time jump and Polly got kidnapped by the Mothman?

#Riverdale",False,en,1,0,2021-03-02 23:02:45,1366886725805436928,0.0,1.0,0.0,0.0
"February 2021/ LGBT Couple In Comic Book Based TV Shows. Day #25. On the CW's Riverdale... ""Cheryl Blossom"" (Madelaine Petsch) &amp; ""Toni Topaz"" (Vanessa Morgan) have endured many trials. Will their love endure with the TV series seven year time jump? https://t.co/p8EiJrcI3H",False,en,0,0,2021-03-02 22:41:42,1366881429813137409,0.0,0.907,0.093,0.6369
"RT @venereumadlicio: ÀèÀã     ùëØùë®ùëΩùë¨ ùëªùëØùë¨ ùë≥ùë®ùë¥ùë©ùë∫           ùë∫ùëªùë∂ùë∑ùë∑ùë¨ùë´ ùë∫ùë™ùëπùë¨ùë®ùë¥ùë∞ùëµùëÆ?   ‡øê 

                      ‡ºÑ

au portrayal of riverdale‚Äôs elizabet‚Ä¶",False,en,0,41,2021-03-02 22:04:38,1366872098610806786,0.0,1.0,0.0,0.0
katy keene had a 5 year time difference from riverdale but riverdale just did a 7 year time jump so riverdale is currently two years ahead of katy keenes timeframe MEANING by the time josie comes back to riverdale she can be single and date archie again  https://t.co/ErxOONgduk,False,en,6,0,2021-03-02 21:54:33,1366869562394828805,0.0,1.0,0.0,0.0
RT @vulture: Riverdale is living its best Uncut Gems‚Äìslash‚ÄìA Star Is Born‚Äìslash‚ÄìSuccession life. @McHenryJD writes https://t.co/KDIid8HC1w,False,en,0,1,2021-03-02 19:50:51,1366838433197490177,0.0,0.781,0.219,0.6369
"RT @McHenryJD: time to check in on riverdale
https://t.co/xg4sGhSVqV",False,en,0,5,2021-03-02 19:21:20,1366831004258873348,0.0,1.0,0.0,0.0
I can't stop thinking about how the @CW_Riverdale 7-year time jump means that they did @HeathersMusical 2 years before it premiered Off-Bway and #CarrieTheMusical 1 year before it's (legal) Off-Bway revival. And they say HS arts programs aren't worth the money...,False,en,0,0,2021-03-02 19:10:40,1366828321644957697,0.042,0.91,0.048,0.0572
Riverdale is living its best Uncut Gems‚Äìslash‚ÄìA Star Is Born‚Äìslash‚ÄìSuccession life. @McHenryJD writes https://t.co/KDIid8HC1w,False,en,17,1,2021-03-02 18:59:04,1366825402107314177,0.0,0.756,0.244,0.6369
Bless Riverdale for Just Doing it and Being Legends Post‚ÄìTime¬†Jump https://t.co/kAxkgTfBUj,False,en,0,0,2021-03-02 18:32:22,1366818682454896642,0.0,0.797,0.203,0.4215
"time to check in on riverdale
https://t.co/xg4sGhSVqV",False,en,33,5,2021-03-02 18:23:26,1366816433041272850,0.0,1.0,0.0,0.0
"This darker time jump storyline is probably the most interesting direction #Riverdale has been, in a while. Should‚Äôve happened like 2 seasons ago",False,en,0,0,2021-03-02 18:08:47,1366812745417576448,0.0,0.776,0.224,0.6697
so you mean to say that after 5 whole ass seasons betty and archie got together...? i thought bughead was endgame? and also what's up with the time jump - it's depressing and messed up (why did i give Riverdale another try?üò≠ü§°üëã),False,en,0,0,2021-03-02 14:45:11,1366761506981900292,0.205,0.795,0.0,-0.8418
"RT @BusinessOfLodge: Veronica Lodge 

literate/descriptive.portrayal of veronica lodge.pre &amp; post time jump.seeking mains &amp; storylines.ship‚Ä¶",False,en,0,8,2021-03-02 12:32:48,1366728192623575044,0.0,1.0,0.0,0.0
RIVERDALE DID A 7 YEAR TIME JUMP???? LMFAOOOOOOOO,False,en,0,0,2021-03-02 09:47:51,1366686683052138501,0.0,1.0,0.0,0.0
Now that #Riverdale has their cast playing twenty-somethings with the time jump I‚Äôm a total Barchie slut lol.,False,en,1,0,2021-03-02 02:58:33,1366583679875772417,0.17,0.625,0.205,-0.0516
"Craft beer at 10%, paperwork for the morning,  and riverdale on  dish network.   Yes I watch.   Just graduated.   Time jump next episode.",False,en,2,0,2021-03-02 00:58:56,1366553577670533120,0.0,0.881,0.119,0.4019
"‚ï± i think it's really beautiful to see alice doing so well after the time-jump. all of her friends, lovers, etc. moved out of riverdale and all she really had was polly and the twins and her job. my strong, independent baby.",False,en,0,0,2021-03-01 22:41:33,1366519000801423365,0.0,0.677,0.323,0.9496
I haven't watched #Riverdale in a couple seasons but I jumped back in at the time jump. This show makes me miss @dullgirlnef because I watched it for the first time at her house.,False,en,1,0,2021-03-01 20:08:24,1366480459954335747,0.061,0.939,0.0,-0.2263
RT @claire39458517: Why are the riverdale writers so scary to let Jughead and Veronica interact?? The time jump + Barchie was the perfect t‚Ä¶,False,en,0,1,2021-03-01 18:31:51,1366456163043209216,0.153,0.72,0.127,-0.1965
"i haven‚Äôt watched the new season of riverdale yet, but like is it getting better? i was kinda excited for the time jump. someone tell me if you recommend itüòÇ #RiverdaleSeason5 #Riverdale",False,en,0,0,2021-03-01 10:39:09,1366337202859503617,0.0,0.666,0.334,0.9187
"Sgt Archie Andrews 
-18+ rp friendly only please no hate and drama 
-Single ship only 
-looking for mains 
- Cheryl Veronica jughead Toni or any Betty as Bestie
- Ships based on chem 
- Pre or present time jump
#Riverdale #Riverdalerp https://t.co/GSC8uvvEX7",False,en,11,10,2021-03-01 10:15:36,1366331277859725312,0.127,0.754,0.119,-0.1027
Riverdale be like fine we will just do a seven year time jump so everyone stops getting mad at me for sexualizing teens,False,en,4,0,2021-03-01 06:25:41,1366273418421673988,0.185,0.657,0.157,-0.197
the only good thing about the time jump in riverdale is that they released betty from the ponytail,False,en,0,0,2021-03-01 05:06:55,1366253593750241288,0.0,0.854,0.146,0.4404
"ICYMI: After two weeks of post-time jump #Riverdale, things are still feeling a little too much same old, same old, with common sense still lacking. #TheCW #Archie #Betty #Jughead #Veronica #Toni #Chery #Hiram https://t.co/o2jfYF8J8s",False,en,2,0,2021-03-01 02:08:44,1366208754329477123,0.0,0.955,0.045,0.128
a mid szn time jump 7 years into the future so that they're all teaching at Riverdale highschool when they don't look like they aged a dayyyy,False,en,5,0,2021-03-01 01:05:57,1366192953597825026,0.084,0.916,0.0,-0.2755
what if when riverdale ends they jump out with some incredible writing and are like ‚Äúwe played you the entire time this was all part of our scheme.‚Äù,False,en,2,0,2021-03-01 00:07:01,1366178122064887808,0.0,0.841,0.159,0.5994
The riverdale writerd are sooo lazy for putting srchir and betty together post time jump without any build up lmfao,False,en,1,0,2021-02-28 20:47:16,1366127853188878336,0.104,0.75,0.146,0.25
@LegsFrank Get back into Riverdale! There was a 7 year time jump!,False,en,1,0,2021-02-28 19:56:40,1366115121886605313,0.0,1.0,0.0,0.0
"Veronica Lodge 

literate/descriptive.portrayal of veronica lodge.pre &amp; post time jump.seeking mains &amp; storylines.ships w/ chem.riverdale fandom.rt‚Äôs &amp; like‚Äôs appreciated. https://t.co/r6C1UrmPF2",False,en,9,8,2021-02-28 18:58:31,1366100484843479040,0.0,0.852,0.148,0.5106
"üçíCheryl Blossomüçí

Literate &amp; Descriptive. Canon portrayal of Cheryl Blossom. Pre &amp; Post Time Jump. Mains &amp; storylines. Ships w/ Toni. Riverdale Fandom. Retweet &amp; Like appreciated. https://t.co/a8W0k9IE81",False,en,12,11,2021-02-28 18:55:32,1366099735661056000,0.0,0.818,0.182,0.7003
RT @bugheadspov: i‚Äôm so excited to see time jump bughead to have sexc scenes like ITS GONNA HIT HARD,False,en,0,33,2021-02-28 18:52:56,1366099080989048837,0.09,0.674,0.236,0.5398
"WATCH: Riverdale Time Jump - ""Reggie Mantle""! https://t.co/bwHJcpUSKC 

@_MELTON_ #barchie #riverdale #varchie https://t.co/ult44wVlWL",False,en,3,0,2021-02-28 17:19:26,1366075552772329474,0.0,1.0,0.0,0.0
@taylcrswiftmilf YES THERES BEEN A TIME JUMP IN S5 BECAUSE THEY GRADUATED AND NOW THEY ARE TEACHERS TRYING TO SAVE THE TOWN THEY GREW UP IN AND ITS MAKING ME FEEL INSANE RIVERDALE MY BELOVED https://t.co/DrY5m54tGX,False,en,1,0,2021-02-28 15:17:10,1366044782129201161,0.075,0.676,0.249,0.8388
"RT @tvpromosdb: Riverdale Season 5 ""Reggie's Time Jump"" Featurette (HD) https://t.co/ivsbRFfFoW",False,en,0,2,2021-02-28 14:31:44,1366033348599160839,0.0,1.0,0.0,0.0
"After two weeks of post-time jump #Riverdale, things are still feeling a little too much same old, same old, with common sense still lacking. #TheCW #Archie #Betty #Jughead #Veronica #Toni #Chery #Hiram https://t.co/o2jfYF8J8s",False,en,1,0,2021-02-28 14:07:27,1366027237053653000,0.0,0.954,0.046,0.128
... wait was the riverdale time jump real? Not just a one off special / dream sequence?,False,en,19,0,2021-02-28 11:45:44,1365991571179642882,0.0,0.72,0.28,0.6199
Riverdale Season 5 - Reggie's Time Jump --&gt; https://t.co/BztcYXerV6  #Riverdale #Season5,False,en,0,0,2021-02-28 05:11:11,1365892282969382912,0.0,1.0,0.0,0.0
"A 7 year time jump? Dang, i didn't see that one coming !! üòï #Riverdale",False,en,0,0,2021-02-28 03:56:16,1365873427387740160,0.0,1.0,0.0,0.0
"RT @EW: On today‚Äôs #WhatToWatch, we‚Äôre talking about true crime, One Chicago and more. Plus, #Riverdale star KJ Apa explains what he‚Äôs enjo‚Ä¶",False,en,0,10,2021-02-28 01:07:14,1365830890123792387,0.128,0.769,0.103,-0.1779
I don't know why but watching Toni Topaz strut through #Riverdale looking like hot shit with her pregnant belly in the camera is just SENDING ME. She looks incredible. And Veronica's wardrobe post time jump is impeccable.,False,en,5,0,2021-02-28 00:58:56,1365828799103868930,0.116,0.807,0.077,-0.3919
"RT @bestarchiebetty: barchie's aesthetics in the time jump ‚ú®

#Riverdale #Barchie https://t.co/56acwSGCl4",False,en,0,48,2021-02-28 00:54:30,1365827684505387009,0.0,1.0,0.0,0.0
"@reinhartsdetail @SotoSsntiago @Stephaniess8241 @RiverdaleBRNews Here is the link: enjoy üòä
https://t.co/KLQKnWZwWv https://t.co/U50BaEY9Oj",False,en,2,0,2021-02-27 23:55:37,1365812864578158594,0.0,0.758,0.242,0.4939
RT @EW: EW has an exclusive first look at the #Riverdale gang following the series' seven-year time jump.‚Äã https://t.co/XXosBIssVJ,False,en,0,344,2021-02-27 23:37:31,1365808310415466498,0.0,0.923,0.077,0.128
Still adjusting to the time jump in #Riverdale with them all grown up. Betty looks so bad ass in the FBI uniform,False,en,1,0,2021-02-27 21:16:27,1365772809419567110,0.0,0.8,0.2,0.6124
"Riverdale Season 5 ""Reggie's Time Jump"" Featurette (HD)
#Riverdale #RiverdaleSeason5

https://t.co/C5eqiesL3H https://t.co/mDMX9iyiO2",False,en,0,0,2021-02-27 20:56:15,1365767726422241284,0.0,1.0,0.0,0.0
Charles Melton talks briefly about Reggie Mantle's trek seven years into the future in this behind the scenes look at #Riverdale season five. Watch new episodes Wednesdays on #TheCW @cw_riverdale https://t.co/CxNCqVxvnL https://t.co/jaTVFX1fuc,False,en,2,0,2021-02-27 19:55:03,1365752324136841223,0.0,1.0,0.0,0.0
"RT @CulturessFS: Cheryl Blossom has been pretty quiet in the post-time-jump #Riverdale era. This week, we got our first glimpse into what s‚Ä¶",False,en,0,1,2021-02-27 19:21:53,1365743979325702145,0.0,0.873,0.127,0.4939
"WATCH: Charles Melton talks Riverdale Time Jump! https://t.co/bwHJcpUSKC 

@_MELTON_ #barchie #riverdale #varchie https://t.co/bURJzzYKhF",False,en,2,0,2021-02-27 19:15:39,1365742409527738389,0.0,1.0,0.0,0.0
"@VanessaMorgan I have always loved Toni in Riverdale. But since the time jump I love her even more, she is not a woman to be messed with!  Its adorable that the baby bump Toni has was actually your real baby bump!",False,en,0,0,2021-02-27 19:05:34,1365739873991327752,0.05,0.704,0.246,0.8881
As a compromise my boyfriend made me watch Riverdale tho üòù only the 7 year time jump episodes tho..,False,en,0,0,2021-02-27 18:41:12,1365733739024814083,0.0,1.0,0.0,0.0
Watch Riverdale Series Season 5 ‚Äì ‚ÄúReggie‚Äôs Time Jump‚Äù¬†(HD) https://t.co/IZWfpMYhT4 https://t.co/l4zcNVV22V,False,en,0,0,2021-02-27 17:46:58,1365720093754327040,0.0,1.0,0.0,0.0
"Riverdale Season 5 ""Reggie's Time Jump"" Featurette (HD) https://t.co/ivsbRFfFoW",False,en,0,2,2021-02-27 17:19:02,1365713061483409412,0.0,1.0,0.0,0.0
"Since the start of #riverdale, I‚Äôve always been team #varchie, yet now in the time jump I‚Äôm enjoying the recent batch of #barchie scenes. Am I rooting for someone else in the Archie Andrews love triangle? Find out on this week‚Äôs all new podcast! Out now: https://t.co/K8o3LI99d9 https://t.co/xsRnj1FTMt",False,en,7,0,2021-02-27 17:09:25,1365710643895169029,0.0,0.851,0.149,0.8356
Riverdale | Time Jump | Charles Melton | The CW https://t.co/feLjEUjxa3 via @YouTube,False,en,0,0,2021-02-27 17:04:16,1365709345590288388,0.0,1.0,0.0,0.0
"Dare I say it...since the time jump, Riverdale is getting better?",False,en,0,0,2021-02-27 16:35:27,1365702093064003584,0.0,0.756,0.244,0.4404
@socasuallykruel literally like now they did a time jump ugh. KJ Apa even compared working in Riverdale as being in jail LMAO I-,False,en,1,0,2021-02-27 14:41:18,1365673366275915780,0.097,0.657,0.247,0.6523
RT @bugheadaIe: we haven't even see adult bughead together really. i'm excited to see what their time jump relationship is like.,False,en,0,13,2021-02-27 14:31:04,1365670793846398977,0.0,0.786,0.214,0.6344
"RT @OfSunshineFlowr: ‚óã‚óã‚óã‚óã Isabelle Elisa ‚óã‚óã‚óã‚óã

‚óã Riverdale OC
  ‚óã Daughter Of Alice &amp; FP
‚óã 70's Enthusiast
  ‚óã Model Turned FBI Agent
‚óã Pre‚Ä¶",False,en,0,11,2021-02-27 13:11:44,1365650825692016640,0.0,0.884,0.116,0.3612
RT @PopPrejudicePod: We‚Äôre doing a media round-up of our thoughts on all your faves!! Including the much anticipated and hilarious #Riverda‚Ä¶,False,en,0,1,2021-02-27 12:49:54,1365645333120827393,0.0,0.853,0.147,0.508
"We‚Äôre doing a media round-up of our thoughts on all your faves!! Including the much anticipated and hilarious #Riverdale time jump, and lots of #Zendaya :) Available on all streaming platforms in the link below https://t.co/ZGzrLuPEvT",False,en,1,1,2021-02-27 12:49:27,1365645220394786817,0.0,0.84,0.16,0.7418
"I'm giving yall early access because i think I'm queen 
https://t.co/O3j0hf7kc8",False,en,1,0,2021-02-27 12:37:08,1365642119877185537,0.0,0.789,0.211,0.34
"How can the story be that there is a time jump, the characters don‚Äôt speak for 5 years and when they all unite they are STILL fighting Hiram Lodge #Riverdale",False,en,0,0,2021-02-27 12:34:47,1365641526949330944,0.085,0.915,0.0,-0.3612
"RT @_patersons: why are the riverdale writers so scared to let jughead and veronica interact, seriously? the time jump + barchie was the pe‚Ä¶",False,en,0,15,2021-02-27 08:02:00,1365572879270739968,0.206,0.794,0.0,-0.6642
excited to announce i have finally reached the time jump episode of riverdale,False,en,0,0,2021-02-27 06:57:00,1365556522328162304,0.0,0.725,0.275,0.4215
Ok I am LOVING #Riverdale lately. This time jump was the best thing to happen to the show in a long time.,False,en,0,0,2021-02-27 05:35:13,1365535943407509505,0.0,0.606,0.394,0.9008
will I understand Riverdale new season if I only watched season 1 üëÄ ( I just like the time jump idea),False,en,5,0,2021-02-27 03:07:59,1365498890372456449,0.0,0.848,0.152,0.3612
(1/2) I wish time jump betty was a bad girl like young Alice.After being kidnapped she wouldn't wanna show other people her weekness than she'd hide behind sass and insulting other people just the avoid the truth.#Riverdale https://t.co/TGYOHJpKOL,False,en,1,0,2021-02-27 02:09:21,1365484132621570058,0.231,0.655,0.114,-0.6597
"RT @VARCHIEWHORE: riverdale                           the notebook

their relationship is kinda similar we‚Äòll see how Veronica and Hermione‚Ä¶",False,en,0,2,2021-02-27 01:51:30,1365479641058836483,0.0,1.0,0.0,0.0
"The 7 year time jump on #Riverdale allows the show to be what it always wanted to be. It was always kind of absurd how often the teens were acting like adults before: solving crimes, running businesses, etc. Now they ARE adults and it makes a little more sense. Just a little. ü§è",False,en,1,0,2021-02-27 01:22:54,1365472442702061572,0.0,0.906,0.094,0.5994
Post time jump Riverdale has been my fav! They are doing what they should have since season 2!!!!#Riverdale #RiverdaleSeason5 #Kangs #Choni https://t.co/pKSyQ9ePoP,True,en,5,0,2021-02-27 00:53:32,1365465054125039618,0.0,0.834,0.166,0.6331
RT @BugheadUpdates: Time jump Jughead üëÄ #Riverdale https://t.co/VTT1zer5Dp,False,en,0,33,2021-02-26 23:41:49,1365447004848013316,0.0,1.0,0.0,0.0
@micmezle I don't watch but I saw this article a few days ago lol (maybe due to the cast's real ages) https://t.co/B8oaWaBV1p,False,en,0,0,2021-02-26 22:12:13,1365424455065853955,0.0,0.829,0.171,0.5719
RT @bettscoops: time jump betty is so &lt;3 https://t.co/FiDzYeaWQn,False,en,0,61,2021-02-26 20:57:22,1365405620313092096,0.0,1.0,0.0,0.0
"RT @lexcanroar: my sister is trying to explain time jump Riverdale to me and just said, and I quote, ""do you remember the Ghoulies? they we‚Ä¶",False,en,0,5,2021-02-26 19:10:45,1365378790084538370,0.0,1.0,0.0,0.0
can someone explain the riverdale time jump if theyre in 2021 after the time jump when the hell did they graduate,False,en,0,0,2021-02-26 18:23:10,1365366812725157893,0.187,0.813,0.0,-0.6808
RT @SurvivedShows: Roberto Aguirre-Sacasa teases the upcoming developments for Toni and Cheryl after the time jump! #Riverdale #RiverdaleSe‚Ä¶,False,en,0,1,2021-02-26 18:13:06,1365364278992199686,0.128,0.872,0.0,-0.3595
"WATCH: Riverdale Time Jump - ""Hiram Lodge""! https://t.co/uFrCWMm1vh 

@MarkConsuelos #riverdale #varchie https://t.co/6Mc0EmukmG",False,en,1,0,2021-02-26 17:47:14,1365357773198946304,0.0,1.0,0.0,0.0
"I'd given up on Riverdale but just tried it again there in case it got better after the time-jump.

Nope. It's just so, so stupid. How do the actors not die of embarrassment.",False,en,0,0,2021-02-26 17:39:25,1365355805323780114,0.141,0.62,0.239,0.5584
"I cannot believe how mature Riverdale got after this time jump. For the love of God, I pray these writers don't screw it up",False,en,1,0,2021-02-26 17:35:26,1365354800670507009,0.08,0.582,0.339,0.7625
"@a_strandale @ArchieComics @camilamendes We haven't even got a CAOS crossover and that actually shares an universe with Riverdale

Also like...they can't insert Riverdale into the 80s anymore
(Actually no they can since somehow it's still 2021 after the time jump, so the timeline doesn't matter)",False,en,6,0,2021-02-26 17:08:45,1365348087527600130,0.047,0.905,0.047,0.0
"Cheryl Blossom has been pretty quiet in the post-time-jump #Riverdale era. This week, we got our first glimpse into what she's been up to. | via @TheMollyTurner
https://t.co/89ecmnJKau",False,en,4,1,2021-02-26 16:21:00,1365336069034676227,0.0,0.89,0.11,0.4939
"RT @madchenamick: In honor of tonight‚Äôs seven-year time jump episode, here is last weeks BTS as jellybean, FP and the serpents ride off int‚Ä¶",False,en,0,159,2021-02-26 14:53:52,1365314142337454084,0.0,0.878,0.122,0.4939
@Ls2393710611 @CW_Riverdale Um you calling me a freak is childish and I was just saying there was a 7 year time jump and there grownups they no better then u atleast so like I said get over it and stop acting childish,False,en,0,0,2021-02-26 14:14:55,1365304339569520651,0.25,0.619,0.131,-0.5512
"RT @tvpromosdb: Riverdale Season 5 ""Hiram's Time Jump"" Featurette (HD) https://t.co/raXWgomIxR",False,en,0,3,2021-02-26 13:56:56,1365299815198953473,0.0,1.0,0.0,0.0
"The core four of Riverdale were born in 2001, they graduated from highschool in 2019 / 2020, then there is the time jump that‚Äôs seven years into the future, and is of course set in 2021, when they are twenty five, of course, considering they were born in 2001.",False,en,2,0,2021-02-26 11:53:47,1365268823549636609,0.0,1.0,0.0,0.0
@BrianEPaterson Yes Season 1 and now the Time jump!! ü§©ü§© #Riverdale,False,en,1,0,2021-02-26 10:21:27,1365245584496615426,0.0,0.733,0.267,0.508
"@a_wculver Yesmm, I think the time jump is bringing more Riverdale fans back. And I'm finding this incredible, but as you said they are just like friends with benefits, but I meant it would be interesting they have a conversation about your feelings. I would find it interesting",False,en,1,0,2021-02-26 10:12:43,1365243389189488641,0.0,0.685,0.315,0.9578
Roberto Aguirre-Sacasa teases the upcoming developments for Toni and Cheryl after the time jump! #Riverdale #RiverdaleSeason5 #Choni #news https://t.co/259oAtcHPZ,False,en,1,1,2021-02-26 10:00:59,1365240435418034176,0.122,0.878,0.0,-0.3595
@MayFor3ver There is bad writing like with Riverdale (although the time jump made it SOOOOOOO MUCH BETTER) and then there's this,False,en,0,0,2021-02-26 07:35:04,1365203714341031936,0.14,0.76,0.1,-0.25
Riverdale really stepped it up for this time jump. It‚Äôs a whole different show.,False,en,0,0,2021-02-26 07:19:08,1365199702912811008,0.0,1.0,0.0,0.0
I hope we're going to see more of Cheryl's story. The first three episodes after the time jump have been great! #Riverdale @madelainepetsch,False,en,0,0,2021-02-26 06:55:06,1365193658270502918,0.0,0.733,0.267,0.807
Okay riverdale time jump let‚Äôs try and be ‚Äúnormal‚Äù shall we?,False,en,0,0,2021-02-26 06:34:36,1365188498752303107,0.0,0.84,0.16,0.2263
"I need to discuss the post- time jump #Riverdale situation. @djrogge, where you at?",False,en,0,0,2021-02-26 06:11:06,1365182584259547138,0.0,1.0,0.0,0.0
Idk how I feel about the 7 year time jump on Riverdale,False,en,0,0,2021-02-26 05:38:04,1365174270976872455,0.135,0.865,0.0,-0.1027
i actually think time jump riverdale is very good i hope it lasts,False,en,4,0,2021-02-26 05:15:53,1365168685975965700,0.0,0.586,0.414,0.7485
"RT @digitaljami: Previous seasons of #Riverdale: most of these actors look too old to pass as teenagers.
Post time jump: All of these actor‚Ä¶",False,en,0,1,2021-02-26 04:44:32,1365160797341708289,0.0,1.0,0.0,0.0
RT @beautifullyles: talk shit on riverdale all you want but they‚Äôre doing really good with adult choni after the 7 year time jump madelaine‚Ä¶,False,en,0,8,2021-02-26 04:38:18,1365159230714634247,0.083,0.721,0.196,0.4835
"Previous seasons of #Riverdale: most of these actors look too old to pass as teenagers.
Post time jump: All of these actors look like teenagers.",False,en,1,1,2021-02-26 04:32:47,1365157839967191040,0.0,0.906,0.094,0.3612
"RT @cappuchoni: @CW_Riverdale The time jump really reinvigorated the series. It‚Äôs fresh, and I‚Äôm actually excited about watching every stor‚Ä¶",False,en,0,5,2021-02-26 03:38:25,1365144158957142016,0.0,0.683,0.317,0.7841
"Tbh, Riverdale is noticeably better now that they are out of high school. I‚Äôm not saying I didn‚Äôt enjoy the high school seasons, but the time jump episodes are better plus we have more Betty and Archie scenes.",False,en,2,0,2021-02-26 03:37:54,1365144030649188353,0.044,0.817,0.139,0.6106
It‚Äôs so annoying in the new season of Riverdale after the time jump they have to reiterate what they do for a living over and over... I got it the first time! üòÇ,False,en,0,0,2021-02-26 02:23:20,1365125262749351936,0.102,0.898,0.0,-0.5081
"RT @bettyfelon: After a seven-year time jump on Riverdale, FBI agent Betty Cooper is working on the Trash Bag Killer case (aka the TBK), st‚Ä¶",False,en,0,2,2021-02-26 02:06:26,1365121012514385925,0.158,0.842,0.0,-0.6486
"After a seven-year time jump on Riverdale, FBI agent Betty Cooper is working on the Trash Bag Killer case (aka the TBK), struggling novelist Jughead is looking for the Mothman, and mayor Hiram Lodge is running the entire town into the ground while enjoying some Doritos. https://t.co/Mo7X1q6Fel",False,en,29,2,2021-02-26 01:56:54,1365118613288534019,0.133,0.804,0.064,-0.5719
"RT @AWKWRDCAIT: So the new episode of @CW_Riverdale is set in 2021. It is supposed to be a 7 year time jump.
But in the last episode they o‚Ä¶",False,en,0,1,2021-02-26 01:48:28,1365116489909473284,0.0,1.0,0.0,0.0
Riverdale Season 5 - Hiram's Time Jump --&gt; https://t.co/DSgPBP8Hzm  #Riverdale #Season5,False,en,0,0,2021-02-26 01:21:11,1365109624819564548,0.0,1.0,0.0,0.0
"Is anyone talking about the fact that we havent seen Hiram Lodge standing since the time jump? But we also havent explicitly seen him in a wheelchair or something. Like we know he was sick, why are they trying to make this a mysterious thing? #Riverdale",False,en,0,0,2021-02-26 01:14:51,1365108031478898695,0.076,0.872,0.052,-0.2869
@JamesTaylor21 7 year time jump. hiram is ruining riverdale so they all came back to save it. they‚Äôre all teaching at the high school now.,False,en,1,0,2021-02-26 01:05:02,1365105559926697985,0.074,0.809,0.118,0.296
the riverdale time jump is so weird and so great https://t.co/8pd2xiHw63,False,en,5,0,2021-02-26 00:53:33,1365102667987566597,0.143,0.576,0.281,0.4857
IM SORRY????? RIVERDALE DID A 7 YEAR TIME JUMP AND NOW THEYRE ALL OLD!? BYE-,False,en,0,0,2021-02-26 00:27:24,1365096087053361152,0.0,1.0,0.0,0.0
"like this and I'll add you to the list. this is for all of my mains (riverdale universe only pls, original characters are fine, as long as it takes place post-time-jump!) 
https://t.co/mEZpdr6IAZ",True,en,2,0,2021-02-26 00:07:57,1365091192724152325,0.0,0.774,0.226,0.7345
"RT @tabithagifs: ü•∫ü•∫ü•∫
[Riverdale | Time Jump | Erinn Westbrook] #riverdale @EriVeronica https://t.co/0AALjcm6J1",False,en,0,3,2021-02-25 23:46:47,1365085867929460741,0.0,1.0,0.0,0.0
"@amicklove @madchenamick @CW_Riverdale That corpse would've been bones by now, remember there was a 7 year time jump. That happened before graduation and senior year.",False,en,1,0,2021-02-25 22:55:20,1365072917864800256,0.144,0.856,0.0,-0.5719
Ohhh they‚Äôre doing a OTH style time jump? Okay. At least they‚Äôll look their age instead of ‚Äú17‚Äù (which was laughable at the best of times) #Riverdale,False,en,0,0,2021-02-25 22:23:26,1365064889719541763,0.0,0.759,0.241,0.743
Riverdale | Time Jump | Mark Consuelos | The CW https://t.co/yH3C3H6ERg via @YouTube,False,en,0,0,2021-02-25 22:11:39,1365061926573719555,0.0,1.0,0.0,0.0
"Veronica Lodge dueting ""Shallow"" with her new husband whose name is Chad Gekko. this time jump is exactly what Riverdale needed",False,en,6,0,2021-02-25 22:05:04,1365060269169377285,0.0,1.0,0.0,0.0
Is it just me or does cole sprouse look like he aged 20 years during the #Riverdale time jump üíÄüíÄ,False,en,5,0,2021-02-25 21:57:33,1365058377110466566,0.0,0.884,0.116,0.3612
i drew #bettycooper before the time jump how did i do ? #Riverdale @lilireinhart @marisolnichols @CW_Riverdale @camilamendes @madchenamick https://t.co/QaLGYWuK5b,False,en,1,0,2021-02-25 21:17:52,1365048389549907973,0.0,1.0,0.0,0.0
"my sister is trying to explain time jump Riverdale to me and just said, and I quote, ""do you remember the Ghoulies? they were all on Jingle Jangle?""",False,en,147,5,2021-02-25 21:05:07,1365045184107528202,0.0,1.0,0.0,0.0
"RT @anguisregulus: 'S·¥Ä Ä·¥Ö·¥è…¥…™·¥Ñ  ú·¥ú·¥ç·¥è Ä …™s ·¥ä·¥ús·¥õ ·¥ç è ·¥°·¥Ä è ·¥è“ì  Ä·¥á ü·¥Ä·¥õ…™…¥…¢ ·¥õ·¥è ·¥õ ú·¥á ·¥°·¥è Ä ü·¥Ö. '
   
ùë≠ùíêùíìùíîùíöùíïùíâùíÜ ùë∑ùíÜùíèùíÖùíçùíÜùíïùíêùíè ùë±ùíêùíèùíÜùíî ùë∞ùë∞ùë∞
   
    / ùôÖùôêùôÇùôÉùôÄùòºùòø ùôÖùôäùôâùôÄùôé.

-‚Ä¶",False,en,0,38,2021-02-25 21:04:42,1365045079472287745,0.0,1.0,0.0,0.0
"@VanessaMorgan i love Time Jump Toni.
Shes should be mayor of Riverdale!!!",False,en,0,0,2021-02-25 21:02:11,1365044443431251976,0.0,0.663,0.337,0.7249
I am catching up on the time-jump riverdale episodes please pray for me,False,en,2,0,2021-02-25 20:59:26,1365043750779650051,0.0,0.685,0.315,0.5574
UGH i have finally made it to the 7 year time jump in riverdale... veronica u shouldve married ME not chad,False,en,0,0,2021-02-25 20:47:59,1365040871780069380,0.172,0.828,0.0,-0.5473
I don't know why Riverdale decided to time jump but it was the best decision they ever made,False,en,1,0,2021-02-25 20:35:40,1365037769530241024,0.0,0.734,0.266,0.7783
"Still getting used to this time jump lol 

#Riverdale",False,en,0,0,2021-02-25 20:26:50,1365035550298828803,0.0,0.741,0.259,0.4215
"RT @TV_Fanatic_Girl: Why #Riverdale's time jump is exactly what we need right now!

What we know about the new #mystery so far:
https://t.c‚Ä¶",False,en,0,4,2021-02-25 19:54:05,1365027305396064256,0.0,1.0,0.0,0.0
Mark Consuelos (@markconsuelos) talks briefly about Hiram Lodge's trek seven years into the future in this behind the scenes look at #Riverdale season five. Watch new episodes Wednesdays on #TheCW https://t.co/kFBErC2UKr https://t.co/04skdTTT4V,False,en,0,0,2021-02-25 19:24:02,1365019744705925121,0.0,1.0,0.0,0.0
@JuliDG both atr great.i am really enjoying post time jump on riverdale.barchie finally.toni being treated as main character she is like one of core 5 now and now using vixens to start road to Choni reunion,False,en,1,0,2021-02-25 19:14:17,1365017289637167110,0.0,0.842,0.158,0.7346
"WATCH: Mark Consuelos talks Riverdale Time Jump! https://t.co/uFrCWMm1vh 

@MarkConsuelos #riverdale #varchie https://t.co/AbLv3Rwwmj",False,en,1,0,2021-02-25 19:14:01,1365017225271345157,0.0,1.0,0.0,0.0
archie andrews jughead jones betty elizabeth cooper veronica lodge time jump rvd riverdale recap new episode netflix bughead choni endgame jealous varchie barchie toni topaz cheryl blossom season 5 5x05 ep https://t.co/1dYSMg9jVb,False,en,1,0,2021-02-25 18:26:05,1365005160292880385,0.091,0.909,0.0,-0.4588
@SotoSsntiago Is going from 617 to 618 in ratings a lot? I think the time jump got people interested again... will have to see how long that lasts though as Riverdale always seems to drop as the season goes on usually ü§î,False,en,0,0,2021-02-25 18:19:25,1365003484320444420,0.05,0.885,0.065,0.1531
"WATCH: Riverdale Time Jump - ""Archie Andrews""! https://t.co/OOjoRvpf17 

#barchie #riverdale #varchie https://t.co/E16ktdG0my",False,en,5,0,2021-02-25 17:49:25,1364995934313213953,0.0,1.0,0.0,0.0
"Riverdale Season 5 ""Hiram's Time Jump"" Featurette (HD)
#Riverdale #RiverdaleSeason5

https://t.co/12lUz7E0fn https://t.co/KRHib9y300",False,en,0,0,2021-02-25 17:29:25,1364990900154347524,0.0,1.0,0.0,0.0
"Riverdale Season 5 ""Hiram's Time Jump"" Featurette (HD) https://t.co/raXWgomIxR",False,en,0,3,2021-02-25 17:10:32,1364986148670431232,0.0,1.0,0.0,0.0
why is riverdale low-key hitting right now? did it really take 4 seasons and a time jump for the writers to be like ‚Äúokay let‚Äôs make a storyline that somewhat adds up‚Äù,False,en,0,0,2021-02-25 17:02:55,1364984232381214727,0.0,0.918,0.082,0.3612
"RT @spencerbarrett: #Riverdale‚Äôs first post-time jump episode is a triumph in every way, breathing new life into the series and re-introduc‚Ä¶",False,en,0,77,2021-02-25 16:39:50,1364978421923741696,0.0,0.86,0.14,0.4767
"Reggie being Hiram‚Äôs minion is the weirdest most messed up thing in this time jump like dude are you serious? why would you do that? how to ruin a character, a saga by Riverdale‚Äôs writers üòÖ #Riverdale",False,en,0,0,2021-02-25 16:04:20,1364969488567963651,0.242,0.698,0.06,-0.7617
RT @kat__writes: I love to see characters invested in each other‚Äôs plot lines post time jump. That little catch up between #Barchie? Where‚Ä¶,False,en,0,21,2021-02-25 16:01:08,1364968681420296192,0.0,0.833,0.167,0.6369
ngl the execution of the riverdale time jump in s5 ???!!! https://t.co/RrxpxOnX64,False,en,0,0,2021-02-25 15:57:32,1364967778076270595,0.0,1.0,0.0,0.0
riverdale time jump who? https://t.co/hes8RRrNju,True,en,1,0,2021-02-25 15:25:35,1364959735892619267,0.0,1.0,0.0,0.0
I just watched Riverdale after dropping it in season 3 or so. . Is that suppose to make sense? Why does it look like they never grew up after the 5 years time jump?,False,en,2,0,2021-02-25 15:23:27,1364959198673592326,0.0,0.91,0.09,0.4329
This time jump on #Riverdale has made things ...interesting!,False,en,0,0,2021-02-25 15:21:14,1364958640919216129,0.0,1.0,0.0,0.0
"Riverdale having more seasons even after the time jump allows them to genuinely explore relationship dynamics. If this were the final season you could expect Veronica to divorce Chadwick and end up with Archie and Betty and Jughead to find their way back to each other
#Riverdale",False,en,1,0,2021-02-25 15:17:49,1364957783322468365,0.0,0.956,0.044,0.2732
Sorry but I‚Äôm really loving this time jump in Riverdale with Archie and Betty,False,en,0,0,2021-02-25 15:09:14,1364955620215033857,0.061,0.634,0.306,0.7677
"I need a fanfiction where Beronica are married after the time jump
#Riverdale",False,en,0,0,2021-02-25 14:48:55,1364950510277713926,0.0,1.0,0.0,0.0
i only watched season 1 of riverdale but I decided to start watching right after the time jump like its a brand ass new tv show for comedic purposes,False,en,3,0,2021-02-25 14:43:39,1364949182642028562,0.142,0.656,0.203,0.2617
@Ls2393710611 @CW_Riverdale Bruh u sound 10 ‚ÄúPay back‚Äù like bruh the time jump was seven years they have mived in and have grown up get over it,False,en,0,0,2021-02-25 14:39:18,1364948087224078340,0.0,0.909,0.091,0.3612
I cried a lot on the time jump @CW_Riverdale üëÅüëÅ,False,en,0,0,2021-02-25 14:36:14,1364947317795790862,0.271,0.729,0.0,-0.3818
My initial thoughts on the time jump is that it was an interesting choice to not have characters grow at all over that time period. Still hooked on drama. Archie has been to war and can still end up on the verge of tears in 0.5 seconds over a highschool football team #riverdale,False,en,1,0,2021-02-25 14:04:13,1364939260231622656,0.101,0.852,0.047,-0.4767
"@sana_foodie @BarchieUpdates @CW_Riverdale Who said Bughead is dead? And why should they be a couple to investigate together? They can just be friends 

BTW Barchie will be explored, this season and the time jump was for that reason. All fwb start with no feelings, but it‚Äôs obvious how it turns out",False,en,4,0,2021-02-25 12:55:18,1364921915694067713,0.077,0.838,0.085,0.1053
"RT @joelmeadows1: Watch A Featurette On Archie's Time Jump In Riverdale
https://t.co/bnu9uZ9lfV @AlasdairStuart @PaulDBrazill @comiccrushpa‚Ä¶",False,en,0,2,2021-02-25 12:03:59,1364909000786137088,0.0,1.0,0.0,0.0
"Why #Riverdale's time jump is exactly what we need right now!

What we know about the new #mystery so far:
https://t.co/bSHAUH3cxp

#RiverdaleCW #BarchieTimeJump https://t.co/bK0ahgudSJ",False,en,14,4,2021-02-25 11:59:53,1364907969020887042,0.0,1.0,0.0,0.0
Watch A Featurette On Archie's Time Jump In Riverdale Season Five https://t.co/bnu9uZ9lfV via @joelmeadows1,False,en,0,0,2021-02-25 11:32:15,1364901017142329347,0.0,1.0,0.0,0.0
"Watch A Featurette On Archie's Time Jump In Riverdale
https://t.co/bnu9uZ9lfV @AlasdairStuart @PaulDBrazill @comiccrushpaul @JodyWeitzman @CW_Riverdale @RiverdaleWriter #Riverdale #RiverdaleSeason5",False,en,3,2,2021-02-25 11:32:03,1364900964256411651,0.0,1.0,0.0,0.0
Watch A Featurette On Archie‚Äôs Time Jump In Riverdale Season¬†Five https://t.co/bnu9uZ9lfV,False,en,0,0,2021-02-25 11:29:36,1364900349182685187,0.0,1.0,0.0,0.0
"ill be honest, ever since the time jump, Riverdale has been pure fire and im not even taking the piss. I'm not cringing every 30 seconds which is what I have done since season 2/3",False,en,0,0,2021-02-25 11:16:44,1364897111972667393,0.192,0.728,0.08,-0.5574
"I liked the first episodes of S1 Riverdale and I remembered hating Archie, loving Jughead and not even liking Betty. But I loved Jughead so I shipped them. And then he got annoyingly boring. And Idk what happened from there. But this 7-year time jump is giving him back his spunk.",False,en,1,0,2021-02-25 08:46:58,1364859423118798849,0.151,0.637,0.212,0.6948
"I really hate the fact that Cheryl hasn‚Äôt had anything to do since the time jump despite being a great character
#Riverdale",False,en,0,0,2021-02-25 07:48:08,1364844615002714112,0.288,0.712,0.0,-0.8067
The fact that #Riverdale is almost good again brings me so much happiness. This time jump makes it so much better now since they‚Äôre playing their actual ages. Season 1/normal vibes again. https://t.co/SpXMrHe99x,False,en,1,0,2021-02-25 07:23:40,1364838458582204420,0.0,0.717,0.283,0.8876
ngl riverdale lost me after season 2 but everything after the time jump in season 5 IT‚ÄôS NOT THAT BAD,False,en,1,0,2021-02-25 07:03:55,1364833487883182080,0.074,0.719,0.206,0.6045
This riverdale time jump is amazing,False,en,0,0,2021-02-25 06:14:37,1364821079621951489,0.0,0.568,0.432,0.5859
"The way this show has done zero for Cheryl.. 
Except make her a golden goose for everyone else in her life.
Like, the fuck?
Stop.
Useless time jump aside, nobody has given two shits about what has gone on with her, except Toni.

#Riverdale",False,en,0,0,2021-02-25 06:14:16,1364820991998885889,0.223,0.729,0.048,-0.8442
"i really don‚Äôt understand how everyone‚Äôs so into time jump riverdale, im somehow just not into it",False,en,1,0,2021-02-25 06:09:42,1364819843921362945,0.0,1.0,0.0,0.0
Riverdale time jump said vocal coach‚Äôs,False,en,0,0,2021-02-25 06:04:48,1364818609810202624,0.0,1.0,0.0,0.0
Uhhhhhh there‚Äôs a 7 year time jump in riverdaleüíÄüíÄthis gonna be interesting,False,en,1,0,2021-02-25 05:56:54,1364816620749787136,0.0,0.769,0.231,0.4019
"Is it weird that, with all the intrigue happening on #Riverdale , my main random question from the time jump is: what YEAR is it, technically, now?",False,en,0,0,2021-02-25 05:44:07,1364813407023558658,0.064,0.936,0.0,-0.1779
"talk shit on riverdale all you want but they‚Äôre doing really good with adult choni after the 7 year time jump madelaine and vanessa have made them come so far as a couple the parallels, the angst, the exes still in love, the pining, the star crossed lovers trope i‚Äôm eating it up",False,en,71,8,2021-02-25 05:42:43,1364813053741707265,0.036,0.717,0.247,0.9386
I'm not gonna lie ‚Äî I am enjoying this time jump in Riverdale.,False,en,0,0,2021-02-25 05:40:32,1364812504707203073,0.0,0.746,0.254,0.5267
I thought with the 7 year time jump #Riverdale would become a more mature show but somehow this show has gotten even stupider. How is this still on tv and why is my DVR still recording it? #TerribleTV #WhatAmIWatching #AwfulShow #TerribleWriters,False,en,0,0,2021-02-25 05:36:01,1364811365903458305,0.111,0.841,0.048,-0.5724
‚ÄúStill Into You‚Äù by Paramore feels like the Choni post time jump anthem and has popped into my head literally every single time they share the screen #Riverdale #choni,False,en,3,0,2021-02-25 05:26:18,1364808919747620870,0.0,0.852,0.148,0.5719
riverdale is comforting rn bc in the 7 year time jump there‚Äôs no talk of covid at all,False,en,5,0,2021-02-25 04:51:39,1364800202910162944,0.111,0.754,0.136,0.128
"TONIGHT! Riverdale 5.06 - ""Back To School""! 
TRAILER: https://t.co/YU88Vfh1a9 
PHOTOS: https://t.co/MK6MON5jry 
SCENE CLIP: https://t.co/wcUXZUQUow 
ARCHIE TIME JUMP: https://t.co/d7hraFi8j1 

#barchie #jabitha #riverdale #varchie https://t.co/TNFaYVqMPL",False,en,3,0,2021-02-25 03:34:51,1364780873376235520,0.0,1.0,0.0,0.0
"ICYMI: #Riverdale stars #KJApa and #VanessaMorgan discuss the impact of the #Season5 #timejump, plus a preview for tonight's #BackToSchool. #TheCW #Archie #Toni #Betty #Cheryl #Veronica #Jughead https://t.co/aPYJ1o9hJ5",False,en,2,0,2021-02-25 03:08:41,1364774288449024000,0.0,1.0,0.0,0.0
The only characters that should get back together after the time jump are Cheryl &amp; Toni #Riverdale,False,en,0,0,2021-02-25 02:51:42,1364770016227385350,0.0,1.0,0.0,0.0
"#Riverdale has really stepped it up this season with the 5 year time jump, it‚Äôs more dramatic, less murder.",False,en,0,0,2021-02-25 02:27:41,1364763972214358017,0.216,0.784,0.0,-0.6879
archie andrews jughead jones betty elizabeth cooper veronica lodge time jump rvd riverdale recap new episode netflix bughead choni endgame jealous varchie barchie toni topaz cheryl blossom season 5 5x05 ep https://t.co/2HuGcl25rd,False,en,2,0,2021-02-25 02:26:31,1364763675702161415,0.091,0.909,0.0,-0.4588
