tweets,quote_status,language,favorite_count,retweet_count,time,id
"RT @SuperheroTVcom: VOTE: Riverdale Time Jump! 
RETWEET: Archie &amp; Betty 
LIKE: Archie &amp; Veronica 

#barchie #riverdale #varchie https://t.câ€¦",False,en,0,556,2021-02-27 04:39:18,1365521868258697223
"RT @TheWyrmQueen: Toni Topaz 

-Riverdale rp
-Literate/Descriptive
-Mature themes
-Post time jump
-Ship with Chemistry 
-21+

#riverdalerpâ€¦",False,en,0,35,2021-02-27 04:30:32,1365519661350191104
"RT @BusinessOfLodge: Veronica Lodge 

literate/descriptive. canon portrayal of veronica lodge. pre and time jump. seeking mains &amp; storylineâ€¦",False,en,0,8,2021-02-27 04:23:01,1365517770352435200
will I understand Riverdale new season if I only watched season 1 ğŸ‘€ ( I just like the time jump idea),False,en,4,0,2021-02-27 03:07:59,1365498890372456449
"@Twirl4meK @slowburnsftw ""Seven years later..."" Lol. A teen drama or a regular show would get past it... let alone Riverdale doing a time jump, they really thought this would be fully unsolvable 7 years later?",False,en,0,0,2021-02-27 02:22:22,1365487408897265666
(1/2) I wish time jump betty was a bad girl like young Alice.After being kidnapped she wouldn't wanna show other people her weekness than she'd hide behind sass and insulting other people just the avoid the truth.#Riverdale https://t.co/TGYOHJpKOL,False,en,1,0,2021-02-27 02:09:21,1365484132621570058
"RT @VARCHIEWHORE: riverdale                           the notebook

their relationship is kinda similar weâ€˜ll see how Veronica and Hermioneâ€¦",False,en,0,2,2021-02-27 01:51:30,1365479641058836483
"The 7 year time jump on #Riverdale allows the show to be what it always wanted to be. It was always kind of absurd how often the teens were acting like adults before: solving crimes, running businesses, etc. Now they ARE adults and it makes a little more sense. Just a little. ğŸ¤",False,en,1,0,2021-02-27 01:22:54,1365472442702061572
Post time jump Riverdale has been my fav! They are doing what they should have since season 2!!!!#Riverdale #RiverdaleSeason5 #Kangs #Choni https://t.co/pKSyQ9ePoP,True,en,4,0,2021-02-27 00:53:32,1365465054125039618
RT @BugheadUpdates: Time jump Jughead ğŸ‘€ #Riverdale https://t.co/VTT1zer5Dp,False,en,0,33,2021-02-26 23:41:49,1365447004848013316
"Veronica Lodge 

literate/descriptive. canon portrayal of veronica lodge. pre and time jump. seeking mains &amp; storylines. ships w/ chem. riverdale fandom. rtâ€™s appreciated. https://t.co/LYm43d70Up",False,en,8,8,2021-02-26 22:13:36,1365424806573731840
@micmezle I don't watch but I saw this article a few days ago lol (maybe due to the cast's real ages) https://t.co/B8oaWaBV1p,False,en,0,0,2021-02-26 22:12:13,1365424455065853955
RT @bettscoops: time jump betty is so &lt;3 https://t.co/FiDzYeaWQn,False,en,0,28,2021-02-26 20:57:22,1365405620313092096
"RT @lexcanroar: my sister is trying to explain time jump Riverdale to me and just said, and I quote, ""do you remember the Ghoulies? they weâ€¦",False,en,0,5,2021-02-26 19:10:45,1365378790084538370
"RT @SerpentQueenTT: Toni Topaz 

-Riverdale rp
-Literate/Descriptive
-Mature themes
-Post time jump
-Ship with Chemistry 
-21+

#riverdalerâ€¦",False,en,0,35,2021-02-26 19:03:41,1365377011007574020
"Toni Topaz 

-Riverdale rp
-Literate/Descriptive
-Mature themes
-Post time jump
-Ship with Chemistry 
-21+

#riverdalerp 

â†»/â™¡ 
- https://t.co/jvmO0amZNJ",False,en,43,35,2021-02-26 18:42:35,1365371699148038147
can someone explain the riverdale time jump if theyre in 2021 after the time jump when the hell did they graduate,False,en,0,0,2021-02-26 18:23:10,1365366812725157893
"RT @OfSunshineFlowr: â—‹â—‹â—‹â—‹ Isabelle Elisa â—‹â—‹â—‹â—‹

â—‹ Riverdale OC
  â—‹ Daughter Of Alice &amp; FP
â—‹ 70's Enthusiast
  â—‹ Model Turned FBI Agent
â—‹ Preâ€¦",False,en,0,10,2021-02-26 18:21:14,1365366327431561216
RT @SurvivedShows: Roberto Aguirre-Sacasa teases the upcoming developments for Toni and Cheryl after the time jump! #Riverdale #RiverdaleSeâ€¦,False,en,0,1,2021-02-26 18:13:06,1365364278992199686
"RT @enigmaticjuliet: Agent Elizabeth Cooper â€” 

â†³ literate &amp; descriptive portrayal of elizabethâ€Bettyâ€ cooper. time jump based. 18+. matureâ€¦",False,en,0,36,2021-02-26 17:52:40,1365359137824116742
"WATCH: Riverdale Time Jump - ""Hiram Lodge""! https://t.co/uFrCWMm1vh 

@MarkConsuelos #riverdale #varchie https://t.co/6Mc0EmukmG",False,en,1,0,2021-02-26 17:47:14,1365357773198946304
"RT @venereumadlicio: ËË‹     ğ‘¯ğ‘¨ğ‘½ğ‘¬ ğ‘»ğ‘¯ğ‘¬ ğ‘³ğ‘¨ğ‘´ğ‘©ğ‘º           ğ‘ºğ‘»ğ‘¶ğ‘·ğ‘·ğ‘¬ğ‘« ğ‘ºğ‘ªğ‘¹ğ‘¬ğ‘¨ğ‘´ğ‘°ğ‘µğ‘®?   à¿ 

                      à¼„

au portrayal of riverdaleâ€™s elizabetâ€¦",False,en,0,39,2021-02-26 17:42:50,1365356662911995906
"I'd given up on Riverdale but just tried it again there in case it got better after the time-jump.

Nope. It's just so, so stupid. How do the actors not die of embarrassment.",False,en,0,0,2021-02-26 17:39:25,1365355805323780114
"I cannot believe how mature Riverdale got after this time jump. For the love of God, I pray these writers don't screw it up",False,en,0,0,2021-02-26 17:35:26,1365354800670507009
"@a_strandale @ArchieComics @camilamendes We haven't even got a CAOS crossover and that actually shares an universe with Riverdale

Also like...they can't insert Riverdale into the 80s anymore
(Actually no they can since somehow it's still 2021 after the time jump, so the timeline doesn't matter)",False,en,4,0,2021-02-26 17:08:45,1365348087527600130
"Cheryl Blossom has been pretty quiet in the post-time-jump #Riverdale era. This week, we got our first glimpse into what she's been up to. | via @TheMollyTurner
https://t.co/89ecmnJKau",False,en,3,0,2021-02-26 16:21:00,1365336069034676227
"RT @madchenamick: In honor of tonightâ€™s seven-year time jump episode, here is last weeks BTS as jellybean, FP and the serpents ride off intâ€¦",False,en,0,159,2021-02-26 14:53:52,1365314142337454084
@Ls2393710611 @CW_Riverdale Um you calling me a freak is childish and I was just saying there was a 7 year time jump and there grownups they no better then u atleast so like I said get over it and stop acting childish,False,en,0,0,2021-02-26 14:14:55,1365304339569520651
"RT @tvpromosdb: Riverdale Season 5 ""Hiram's Time Jump"" Featurette (HD) https://t.co/raXWgomIxR",False,en,0,3,2021-02-26 13:56:56,1365299815198953473
"The core four of Riverdale were born in 2001, they graduated from highschool in 2019 / 2020, then there is the time jump thatâ€™s seven years into the future, and is of course set in 2021, when they are twenty five, of course, considering they were born in 2001.",False,en,2,0,2021-02-26 11:53:47,1365268823549636609
@BrianEPaterson Yes Season 1 and now the Time jump!! ğŸ¤©ğŸ¤© #Riverdale,False,en,1,0,2021-02-26 10:21:27,1365245584496615426
"@a_wculver Yesmm, I think the time jump is bringing more Riverdale fans back. And I'm finding this incredible, but as you said they are just like friends with benefits, but I meant it would be interesting they have a conversation about your feelings. I would find it interesting",False,en,1,0,2021-02-26 10:12:43,1365243389189488641
Roberto Aguirre-Sacasa teases the upcoming developments for Toni and Cheryl after the time jump! #Riverdale #RiverdaleSeason5 #Choni #news https://t.co/259oAtcHPZ,False,en,1,1,2021-02-26 10:00:59,1365240435418034176
@MayFor3ver There is bad writing like with Riverdale (although the time jump made it SOOOOOOO MUCH BETTER) and then there's this,False,en,0,0,2021-02-26 07:35:04,1365203714341031936
Riverdale really stepped it up for this time jump. Itâ€™s a whole different show.,False,en,0,0,2021-02-26 07:19:08,1365199702912811008
I hope we're going to see more of Cheryl's story. The first three episodes after the time jump have been great! #Riverdale @madelainepetsch,False,en,0,0,2021-02-26 06:55:06,1365193658270502918
Okay riverdale time jump letâ€™s try and be â€œnormalâ€ shall we?,False,en,0,0,2021-02-26 06:34:36,1365188498752303107
"I need to discuss the post- time jump #Riverdale situation. @djrogge, where you at?",False,en,0,0,2021-02-26 06:11:06,1365182584259547138
Idk how I feel about the 7 year time jump on Riverdale,False,en,0,0,2021-02-26 05:38:04,1365174270976872455
i actually think time jump riverdale is very good i hope it lasts,False,en,4,0,2021-02-26 05:15:53,1365168685975965700
"RT @digitaljami: Previous seasons of #Riverdale: most of these actors look too old to pass as teenagers.
Post time jump: All of these actorâ€¦",False,en,0,1,2021-02-26 04:44:32,1365160797341708289
RT @beautifullyles: talk shit on riverdale all you want but theyâ€™re doing really good with adult choni after the 7 year time jump madelaineâ€¦,False,en,0,8,2021-02-26 04:38:18,1365159230714634247
"Previous seasons of #Riverdale: most of these actors look too old to pass as teenagers.
Post time jump: All of these actors look like teenagers.",False,en,1,1,2021-02-26 04:32:47,1365157839967191040
"RT @cappuchoni: @CW_Riverdale The time jump really reinvigorated the series. Itâ€™s fresh, and Iâ€™m actually excited about watching every storâ€¦",False,en,0,5,2021-02-26 03:38:25,1365144158957142016
"Tbh, Riverdale is noticeably better now that they are out of high school. Iâ€™m not saying I didnâ€™t enjoy the high school seasons, but the time jump episodes are better plus we have more Betty and Archie scenes.",False,en,1,0,2021-02-26 03:37:54,1365144030649188353
Itâ€™s so annoying in the new season of Riverdale after the time jump they have to reiterate what they do for a living over and over... I got it the first time! ğŸ˜‚,False,en,0,0,2021-02-26 02:23:20,1365125262749351936
"RT @bettyfelon: After a seven-year time jump on Riverdale, FBI agent Betty Cooper is working on the Trash Bag Killer case (aka the TBK), stâ€¦",False,en,0,2,2021-02-26 02:06:26,1365121012514385925
"After a seven-year time jump on Riverdale, FBI agent Betty Cooper is working on the Trash Bag Killer case (aka the TBK), struggling novelist Jughead is looking for the Mothman, and mayor Hiram Lodge is running the entire town into the ground while enjoying some Doritos. https://t.co/Mo7X1q6Fel",False,en,27,2,2021-02-26 01:56:54,1365118613288534019
"RT @AWKWRDCAIT: So the new episode of @CW_Riverdale is set in 2021. It is supposed to be a 7 year time jump.
But in the last episode they oâ€¦",False,en,0,1,2021-02-26 01:48:28,1365116489909473284
Riverdale Season 5 - Hiram's Time Jump --&gt; https://t.co/DSgPBP8Hzm  #Riverdale #Season5,False,en,0,0,2021-02-26 01:21:11,1365109624819564548
"Is anyone talking about the fact that we havent seen Hiram Lodge standing since the time jump? But we also havent explicitly seen him in a wheelchair or something. Like we know he was sick, why are they trying to make this a mysterious thing? #Riverdale",False,en,0,0,2021-02-26 01:14:51,1365108031478898695
@JamesTaylor21 7 year time jump. hiram is ruining riverdale so they all came back to save it. theyâ€™re all teaching at the high school now.,False,en,1,0,2021-02-26 01:05:02,1365105559926697985
the riverdale time jump is so weird and so great https://t.co/8pd2xiHw63,False,en,4,0,2021-02-26 00:53:33,1365102667987566597
"RT @anguisregulus: 'Sá´€Ê€á´…á´É´Éªá´„ Êœá´œá´á´Ê€ Éªs á´Šá´œsá´› á´Ê á´¡á´€Ê á´Ò“ Ê€á´‡ÊŸá´€á´›ÉªÉ´É¢ á´›á´ á´›Êœá´‡ á´¡á´Ê€ÊŸá´…. '
   
ğ‘­ğ’ğ’“ğ’”ğ’šğ’•ğ’‰ğ’† ğ‘·ğ’†ğ’ğ’…ğ’ğ’†ğ’•ğ’ğ’ ğ‘±ğ’ğ’ğ’†ğ’” ğ‘°ğ‘°ğ‘°
   
    / ğ™…ğ™ğ™‚ğ™ƒğ™€ğ˜¼ğ˜¿ ğ™…ğ™Šğ™‰ğ™€ğ™.

-â€¦",False,en,0,39,2021-02-26 00:28:36,1365096389705756673
"I keep hoping this time jump on Riverdale will get better, but....ugh no.",False,en,0,0,2021-02-26 00:11:48,1365092161809772550
"like this and I'll add you to the list. this is for all of my mains (riverdale universe only pls, original characters are fine, as long as it takes place post-time-jump!) 
https://t.co/mEZpdr6IAZ",True,en,2,0,2021-02-26 00:07:57,1365091192724152325
"RT @tabithagifs: ğŸ¥ºğŸ¥ºğŸ¥º
[Riverdale | Time Jump | Erinn Westbrook] #riverdale @EriVeronica https://t.co/0AALjcm6J1",False,en,0,3,2021-02-25 23:46:47,1365085867929460741
"@amicklove @madchenamick @CW_Riverdale That corpse would've been bones by now, remember there was a 7 year time jump. That happened before graduation and senior year.",False,en,1,0,2021-02-25 22:55:20,1365072917864800256
Ohhh theyâ€™re doing a OTH style time jump? Okay. At least theyâ€™ll look their age instead of â€œ17â€ (which was laughable at the best of times) #Riverdale,False,en,0,0,2021-02-25 22:23:26,1365064889719541763
Riverdale | Time Jump | Mark Consuelos | The CW https://t.co/yH3C3H6ERg via @YouTube,False,en,0,0,2021-02-25 22:11:39,1365061926573719555
"Veronica Lodge dueting ""Shallow"" with her new husband whose name is Chad Gekko. this time jump is exactly what Riverdale needed",False,en,6,0,2021-02-25 22:05:04,1365060269169377285
Is it just me or does cole sprouse look like he aged 20 years during the #Riverdale time jump ğŸ’€ğŸ’€,False,en,5,0,2021-02-25 21:57:33,1365058377110466566
i drew #bettycooper before the time jump how did i do ? #Riverdale @lilireinhart @marisolnichols @CW_Riverdale @camilamendes @madchenamick https://t.co/QaLGYWuK5b,False,en,1,0,2021-02-25 21:17:52,1365048389549907973
"my sister is trying to explain time jump Riverdale to me and just said, and I quote, ""do you remember the Ghoulies? they were all on Jingle Jangle?""",False,en,144,5,2021-02-25 21:05:07,1365045184107528202
"@VanessaMorgan i love Time Jump Toni.
Shes should be mayor of Riverdale!!!",False,en,0,0,2021-02-25 21:02:11,1365044443431251976
I am catching up on the time-jump riverdale episodes please pray for me,False,en,2,0,2021-02-25 20:59:26,1365043750779650051
UGH i have finally made it to the 7 year time jump in riverdale... veronica u shouldve married ME not chad,False,en,0,0,2021-02-25 20:47:59,1365040871780069380
I don't know why Riverdale decided to time jump but it was the best decision they ever made,False,en,1,0,2021-02-25 20:35:40,1365037769530241024
"Still getting used to this time jump lol 

#Riverdale",False,en,0,0,2021-02-25 20:26:50,1365035550298828803
"RT @TV_Fanatic_Girl: Why #Riverdale's time jump is exactly what we need right now!

What we know about the new #mystery so far:
https://t.câ€¦",False,en,0,4,2021-02-25 19:54:05,1365027305396064256
Mark Consuelos (@markconsuelos) talks briefly about Hiram Lodge's trek seven years into the future in this behind the scenes look at #Riverdale season five. Watch new episodes Wednesdays on #TheCW https://t.co/kFBErC2UKr https://t.co/04skdTTT4V,False,en,0,0,2021-02-25 19:24:02,1365019744705925121
@JuliDG both atr great.i am really enjoying post time jump on riverdale.barchie finally.toni being treated as main character she is like one of core 5 now and now using vixens to start road to Choni reunion,False,en,1,0,2021-02-25 19:14:17,1365017289637167110
"WATCH: Mark Consuelos talks Riverdale Time Jump! https://t.co/uFrCWMm1vh 

@MarkConsuelos #riverdale #varchie https://t.co/AbLv3Rwwmj",False,en,1,0,2021-02-25 19:14:01,1365017225271345157
archie andrews jughead jones betty elizabeth cooper veronica lodge time jump rvd riverdale recap new episode netflix bughead choni endgame jealous varchie barchie toni topaz cheryl blossom season 5 5x05 ep https://t.co/1dYSMg9jVb,False,en,1,0,2021-02-25 18:26:05,1365005160292880385
@SotoSsntiago Is going from 617 to 618 in ratings a lot? I think the time jump got people interested again... will have to see how long that lasts though as Riverdale always seems to drop as the season goes on usually ğŸ¤”,False,en,0,0,2021-02-25 18:19:25,1365003484320444420
"WATCH: Riverdale Time Jump - ""Archie Andrews""! https://t.co/OOjoRvpf17 

#barchie #riverdale #varchie https://t.co/E16ktdG0my",False,en,3,0,2021-02-25 17:49:25,1364995934313213953
"Riverdale Season 5 ""Hiram's Time Jump"" Featurette (HD)
#Riverdale #RiverdaleSeason5

https://t.co/12lUz7E0fn https://t.co/KRHib9y300",False,en,0,0,2021-02-25 17:29:25,1364990900154347524
"Riverdale Season 5 ""Hiram's Time Jump"" Featurette (HD) https://t.co/raXWgomIxR",False,en,0,3,2021-02-25 17:10:32,1364986148670431232
why is riverdale low-key hitting right now? did it really take 4 seasons and a time jump for the writers to be like â€œokay letâ€™s make a storyline that somewhat adds upâ€,False,en,0,0,2021-02-25 17:02:55,1364984232381214727
"RT @spencerbarrett: #Riverdaleâ€™s first post-time jump episode is a triumph in every way, breathing new life into the series and re-introducâ€¦",False,en,0,77,2021-02-25 16:39:50,1364978421923741696
"Reggie being Hiramâ€™s minion is the weirdest most messed up thing in this time jump like dude are you serious? why would you do that? how to ruin a character, a saga by Riverdaleâ€™s writers ğŸ˜… #Riverdale",False,en,0,0,2021-02-25 16:04:20,1364969488567963651
RT @kat__writes: I love to see characters invested in each otherâ€™s plot lines post time jump. That little catch up between #Barchie? Whereâ€¦,False,en,0,21,2021-02-25 16:01:08,1364968681420296192
ngl the execution of the riverdale time jump in s5 ???!!! https://t.co/RrxpxOnX64,False,en,0,0,2021-02-25 15:57:32,1364967778076270595
riverdale time jump who? https://t.co/hes8RRrNju,True,en,1,0,2021-02-25 15:25:35,1364959735892619267
I just watched Riverdale after dropping it in season 3 or so. . Is that suppose to make sense? Why does it look like they never grew up after the 5 years time jump?,False,en,2,0,2021-02-25 15:23:27,1364959198673592326
This time jump on #Riverdale has made things ...interesting!,False,en,0,0,2021-02-25 15:21:14,1364958640919216129
"Riverdale having more seasons even after the time jump allows them to genuinely explore relationship dynamics. If this were the final season you could expect Veronica to divorce Chadwick and end up with Archie and Betty and Jughead to find their way back to each other
#Riverdale",False,en,1,0,2021-02-25 15:17:49,1364957783322468365
Sorry but Iâ€™m really loving this time jump in Riverdale with Archie and Betty,False,en,0,0,2021-02-25 15:09:14,1364955620215033857
"I need a fanfiction where Beronica are married after the time jump
#Riverdale",False,en,0,0,2021-02-25 14:48:55,1364950510277713926
archie andrews jughead jones betty elizabeth cooper veronica lodge time jump rvd riverdale recap new episode netflix bughead choni endgame jealous varchie barchie toni topaz cheryl blossom season 5 5x05 ep https://t.co/lk92IcjUPc,True,en,2,0,2021-02-25 14:46:31,1364949904490119177
i only watched season 1 of riverdale but I decided to start watching right after the time jump like its a brand ass new tv show for comedic purposes,False,en,3,0,2021-02-25 14:43:39,1364949182642028562
@Ls2393710611 @CW_Riverdale Bruh u sound 10 â€œPay backâ€ like bruh the time jump was seven years they have mived in and have grown up get over it,False,en,0,0,2021-02-25 14:39:18,1364948087224078340
I cried a lot on the time jump @CW_Riverdale ğŸ‘ğŸ‘,False,en,0,0,2021-02-25 14:36:14,1364947317795790862
My initial thoughts on the time jump is that it was an interesting choice to not have characters grow at all over that time period. Still hooked on drama. Archie has been to war and can still end up on the verge of tears in 0.5 seconds over a highschool football team #riverdale,False,en,1,0,2021-02-25 14:04:13,1364939260231622656
"@sana_foodie @BarchieUpdates @CW_Riverdale Who said Bughead is dead? And why should they be a couple to investigate together? They can just be friends 

BTW Barchie will be explored, this season and the time jump was for that reason. All fwb start with no feelings, but itâ€™s obvious how it turns out",False,en,3,0,2021-02-25 12:55:18,1364921915694067713
"RT @joelmeadows1: Watch A Featurette On Archie's Time Jump In Riverdale
https://t.co/bnu9uZ9lfV @AlasdairStuart @PaulDBrazill @comiccrushpaâ€¦",False,en,0,2,2021-02-25 12:03:59,1364909000786137088
"Why #Riverdale's time jump is exactly what we need right now!

What we know about the new #mystery so far:
https://t.co/bSHAUH3cxp

#RiverdaleCW #BarchieTimeJump https://t.co/bK0ahgudSJ",False,en,13,4,2021-02-25 11:59:53,1364907969020887042
Watch A Featurette On Archie's Time Jump In Riverdale Season Five https://t.co/bnu9uZ9lfV via @joelmeadows1,False,en,0,0,2021-02-25 11:32:15,1364901017142329347
"Watch A Featurette On Archie's Time Jump In Riverdale
https://t.co/bnu9uZ9lfV @AlasdairStuart @PaulDBrazill @comiccrushpaul @JodyWeitzman @CW_Riverdale @RiverdaleWriter #Riverdale #RiverdaleSeason5",False,en,3,2,2021-02-25 11:32:03,1364900964256411651
Watch A Featurette On Archieâ€™s Time Jump In Riverdale SeasonÂ Five https://t.co/bnu9uZ9lfV,False,en,0,0,2021-02-25 11:29:36,1364900349182685187
"ill be honest, ever since the time jump, Riverdale has been pure fire and im not even taking the piss. I'm not cringing every 30 seconds which is what I have done since season 2/3",False,en,0,0,2021-02-25 11:16:44,1364897111972667393
"I liked the first episodes of S1 Riverdale and I remembered hating Archie, loving Jughead and not even liking Betty. But I loved Jughead so I shipped them. And then he got annoyingly boring. And Idk what happened from there. But this 7-year time jump is giving him back his spunk.",False,en,1,0,2021-02-25 08:46:58,1364859423118798849
"I really hate the fact that Cheryl hasnâ€™t had anything to do since the time jump despite being a great character
#Riverdale",False,en,0,0,2021-02-25 07:48:08,1364844615002714112
The fact that #Riverdale is almost good again brings me so much happiness. This time jump makes it so much better now since theyâ€™re playing their actual ages. Season 1/normal vibes again. https://t.co/SpXMrHe99x,False,en,1,0,2021-02-25 07:23:40,1364838458582204420
ngl riverdale lost me after season 2 but everything after the time jump in season 5 ITâ€™S NOT THAT BAD,False,en,1,0,2021-02-25 07:03:55,1364833487883182080
This riverdale time jump is amazing,False,en,0,0,2021-02-25 06:14:37,1364821079621951489
"The way this show has done zero for Cheryl.. 
Except make her a golden goose for everyone else in her life.
Like, the fuck?
Stop.
Useless time jump aside, nobody has given two shits about what has gone on with her, except Toni.

#Riverdale",False,en,0,0,2021-02-25 06:14:16,1364820991998885889
"i really donâ€™t understand how everyoneâ€™s so into time jump riverdale, im somehow just not into it",False,en,1,0,2021-02-25 06:09:42,1364819843921362945
Riverdale time jump said vocal coachâ€™s,False,en,0,0,2021-02-25 06:04:48,1364818609810202624
Uhhhhhh thereâ€™s a 7 year time jump in riverdaleğŸ’€ğŸ’€this gonna be interesting,False,en,1,0,2021-02-25 05:56:54,1364816620749787136
"Is it weird that, with all the intrigue happening on #Riverdale , my main random question from the time jump is: what YEAR is it, technically, now?",False,en,0,0,2021-02-25 05:44:07,1364813407023558658
"talk shit on riverdale all you want but theyâ€™re doing really good with adult choni after the 7 year time jump madelaine and vanessa have made them come so far as a couple the parallels, the angst, the exes still in love, the pining, the star crossed lovers trope iâ€™m eating it up",False,en,70,8,2021-02-25 05:42:43,1364813053741707265
I'm not gonna lie â€” I am enjoying this time jump in Riverdale.,False,en,0,0,2021-02-25 05:40:32,1364812504707203073
I thought with the 7 year time jump #Riverdale would become a more mature show but somehow this show has gotten even stupider. How is this still on tv and why is my DVR still recording it? #TerribleTV #WhatAmIWatching #AwfulShow #TerribleWriters,False,en,0,0,2021-02-25 05:36:01,1364811365903458305
â€œStill Into Youâ€ by Paramore feels like the Choni post time jump anthem and has popped into my head literally every single time they share the screen #Riverdale #choni,False,en,2,0,2021-02-25 05:26:18,1364808919747620870
riverdale is comforting rn bc in the 7 year time jump thereâ€™s no talk of covid at all,False,en,5,0,2021-02-25 04:51:39,1364800202910162944
"RT @bestarchiebetty: barchie's aesthetics in the time jump âœ¨

#Riverdale #Barchie https://t.co/56acwSGCl4",False,en,0,46,2021-02-25 04:30:09,1364794790647386116
"TONIGHT! Riverdale 5.06 - ""Back To School""! 
TRAILER: https://t.co/YU88Vfh1a9 
PHOTOS: https://t.co/MK6MON5jry 
SCENE CLIP: https://t.co/wcUXZUQUow 
ARCHIE TIME JUMP: https://t.co/d7hraFi8j1 

#barchie #jabitha #riverdale #varchie https://t.co/TNFaYVqMPL",False,en,0,0,2021-02-25 03:34:51,1364780873376235520
"ICYMI: #Riverdale stars #KJApa and #VanessaMorgan discuss the impact of the #Season5 #timejump, plus a preview for tonight's #BackToSchool. #TheCW #Archie #Toni #Betty #Cheryl #Veronica #Jughead https://t.co/aPYJ1o9hJ5",False,en,2,0,2021-02-25 03:08:41,1364774288449024000
The only characters that should get back together after the time jump are Cheryl &amp; Toni #Riverdale,False,en,0,0,2021-02-25 02:51:42,1364770016227385350
"#Riverdale has really stepped it up this season with the 5 year time jump, itâ€™s more dramatic, less murder.",False,en,0,0,2021-02-25 02:27:41,1364763972214358017
archie andrews jughead jones betty elizabeth cooper veronica lodge time jump rvd riverdale recap new episode netflix bughead choni endgame jealous varchie barchie toni topaz cheryl blossom season 5 5x05 ep https://t.co/2HuGcl25rd,False,en,2,0,2021-02-25 02:26:31,1364763675702161415
"Okay, I wasnâ€™t sold on #barchie at first, but it is kind of fun! I like the time jump, #Riverdale and it brings some fun fresh air @RT_Riverdale",False,en,3,0,2021-02-25 02:23:06,1364762816482312192
"It feels really different to see this new Riverdale ğŸ¤­
Iâ€™m really liking this time jump",False,en,2,0,2021-02-25 02:20:27,1364762152196800515
"The time jump-started off good but it seems we're headed back to the same territory we were several episodes ago, the only difference is they're adults, not surprised just slightly annoyed #Riverdale https://t.co/o1aZHb39dt",False,en,0,0,2021-02-25 02:13:52,1364760493349625857
"VOTE: Riverdale Time Jump! 
RETWEET: Archie &amp; Betty 
LIKE: Archie &amp; Veronica 

#barchie #riverdale #varchie https://t.co/bD5QD8dmz6",False,en,657,556,2021-02-25 02:11:51,1364759987449454601
Iâ€™m enjoying riverdale season 5 more than 3/4 now they did the time jump itâ€™s just more mature,False,en,0,0,2021-02-25 02:09:25,1364759376200830977
"RT @thewonderladie: This entire thing makes no sense to me. Veronica, Archie, Jughead, and Betty returning after 7 years makes no real sensâ€¦",False,en,0,1,2021-02-25 02:04:47,1364758209542692869
"This entire thing makes no sense to me. Veronica, Archie, Jughead, and Betty returning after 7 years makes no real sense. NONE OF IT MAKES SENSE. They could have done so much with the time jump. ğŸ˜ #Riverdale",False,en,3,1,2021-02-25 02:03:46,1364757953245511682
RT @ImaniDoffical: Barchie is thriving in this time jump #Riverdale,False,en,0,3,2021-02-25 01:59:34,1364756895978954757
Barchie is thriving in this time jump #Riverdale,False,en,7,3,2021-02-25 01:53:12,1364755294547570701
"I havenâ€™t watched the last season of Riverdale bc lol but im watching the new season out of boredom, &amp; i know there was a time jump but are Betty and Veronica not friends anymore??",False,en,0,0,2021-02-25 01:51:26,1364754850228166668
RT @montyelmyra: I dont know about yall  but I've been loving these time jump episodes #Riverdale,False,en,0,1,2021-02-25 01:45:17,1364753302618005506
I dont know about yall  but I've been loving these time jump episodes #Riverdale,False,en,1,1,2021-02-25 01:44:58,1364753220757839875
RT @KatieMinard: god can I get one (1) scene post time jump where Cheryl isn't sad #Riverdale,False,en,0,2,2021-02-25 01:42:31,1364752603121410056
god can I get one (1) scene post time jump where Cheryl isn't sad #Riverdale,False,en,2,2,2021-02-25 01:39:44,1364751902278352896
Time jump jug is perfect and I 10/10 would die for him #Riverdale,False,en,0,0,2021-02-25 01:31:30,1364749834314534913
no but i started watching riverdale after the time jump bc of toni but i actually donâ€™t ship choni bc cherylâ€™s character feels so weird after the time jump?? #riverdale,False,en,0,0,2021-02-25 01:29:26,1364749310970134530
I love all of the time jump episodes so far. #Riverdale,False,en,2,0,2021-02-25 01:23:15,1364747756997328896
"Who else is loving Kevin in this time jump? ğŸ™‹ğŸ¼â€â™€ï¸ 
#Riverdale",False,en,3,0,2021-02-25 01:21:39,1364747352486146051
RT @myohmyjauregui: OK BUT THE FIT IS KINDA NICE THOUGH AND IM SO HAPPY SHES FINALLY GETTING TIME JUMP SCREENTIME ğŸ˜ğŸ˜ğŸ˜ #Riverdale #cherylbloâ€¦,False,en,0,1,2021-02-25 01:20:46,1364747129672118274
OK BUT THE FIT IS KINDA NICE THOUGH AND IM SO HAPPY SHES FINALLY GETTING TIME JUMP SCREENTIME ğŸ˜ğŸ˜ğŸ˜ #Riverdale #cherylblossom https://t.co/UGSnhVqoUu,False,en,9,1,2021-02-25 01:17:08,1364746217721315334
My favorite part of this time jump on @CW_Riverdale is that all of a sudden the 4 of them are qualified to teach out of nowhere. Who needs a 4 year degree? ğŸ¤·ğŸ»â€â™€ï¸,False,en,1,0,2021-02-25 01:13:17,1364745249315250181
@IRiverdale345 well after the time jump they had all@moved away but archie was in the military and got hurt so he called back to rvd and so he called the gang core four and now they are all back in town being teachers cuz hiram lodge has taken over the land and made riverdale non existent,False,en,0,0,2021-02-25 01:11:19,1364744751027785728
RT @BooksThatThrill: #Riverdale Time Jump Spoilers. Riverdaleâ€™s Time Jump Mystery is Exactly What We Need https://t.co/BKdEjX3YxX @TV_Fanatâ€¦,False,en,0,2,2021-02-25 01:11:10,1364744716407955462
"I love to see characters invested in each otherâ€™s plot lines post time jump. That little catch up between #Barchie? Where was that in S1-4?! 

#Riverdale",False,en,180,21,2021-02-25 01:06:07,1364743442274922497
#Riverdale we didn't want a time jump to have them end up the school lmao,False,en,2,0,2021-02-25 01:05:21,1364743249466810368
Loving the time jump! Canâ€™t say it enough! #Riverdale starts now!,False,en,1,0,2021-02-25 01:01:43,1364742337637863426
"I've been casually watching #Riverdale after abandoning it years ago because the time jump intrigued me and can I just ask, why is there so much singing in the show?",False,en,3,0,2021-02-25 00:42:45,1364737563068665856
#Riverdale Time Jump Spoilers. Riverdaleâ€™s Time Jump Mystery is Exactly What We Need https://t.co/BKdEjX3YxX @TV_Fanatic_Girl https://t.co/3ekzfDWGb3,False,en,3,2,2021-02-25 00:40:34,1364737013426003968
i hate Riverdale post graduation. the time jump just aint doing it for me!!!! i feel like the whole dynamic is ruined ğŸ˜©ğŸ˜©ğŸ˜©,False,en,1,0,2021-02-25 00:35:17,1364735686314659840
"TONIGHT! Riverdale 5.06 - ""Back To School""! 
TRAILER: https://t.co/YU88Vfh1a9 
PHOTOS: https://t.co/MK6MON5jry 
SCENE CLIP: https://t.co/wcUXZUQUow 
ARCHIE TIME JUMP: https://t.co/d7hraFi8j1 

#barchie #jabitha #riverdale #varchie https://t.co/mConNxSvsS",False,en,1,0,2021-02-25 00:29:07,1364734133939933185
"RT @azalben: #Riverdale's post time jump episode is an impressively filmed, written and acted, near complete fresh start for the series. Thâ€¦",False,en,0,352,2021-02-25 00:23:54,1364732821613510656
RT @lovemesometopaz: @VanessaMorgan @CW_Riverdale the time jump episodes have been amazing all because of youğŸ¤ iâ€™m so happy that you were lâ€¦,False,en,0,2,2021-02-24 23:57:59,1364726298921336839
@ianxcarlos Thank god for that riverdale time-jump because I was almost starting to question why (adults playing) teenagers made me so horny,False,en,0,0,2021-02-24 23:31:06,1364719533852794891
"WATCH: KJ Apa talks Riverdale Time Jump! https://t.co/OOjoRvpf17 

#barchie #riverdale #varchie https://t.co/6tCN8doPla",False,en,0,0,2021-02-24 22:03:11,1364697407636856837
"Veronica mentioned that itâ€™s 2021. So, weâ€™re to believe that itâ€™s 2021 AFTER the time jump, so theyâ€™re the class of 2014, and weâ€™ve been following them since 2011?! WHAT?!? #Riverdale",False,en,0,0,2021-02-24 21:42:46,1364692267701829637
"@VanessaMorgan @CW_Riverdale the time jump episodes have been amazing all because of youğŸ¤ iâ€™m so happy that you were listened to and are now being treated the way you deserve. toni is the heart of riverdale now and youâ€™re doing amazing, we love you! also have you seen toni and #tonidale trending every week?",False,en,29,2,2021-02-24 19:06:41,1364652988355260417
"@whattookusolong because they do! They meet at riverdale high, remember the scene from the time jump promo? so the duet has to happen after their first day at school",False,en,1,0,2021-02-24 17:44:30,1364632309450895361
@OGScottieT @KendraJames_ @patrickhwillems B/w this and allowing the Riverdale people to literally act their age with a 7 year time jump it's a big win for people who want CW shows to be more adult oriented lol,False,en,1,0,2021-02-24 16:30:18,1364613636069744641
if i had to relate riverdale to another teen drama i'd go with one tree hill and you know what? the cheaters ended up together after the time jump just saying,False,en,5,0,2021-02-24 16:00:07,1364606038188687361
If the riverdale time jump doesnâ€™t give us a Cheryl and Toni wedding what is even the point,False,en,0,0,2021-02-24 15:59:45,1364605945192546304
"RT @McHenryJD: Between this, the Uncut Gems homage, the war, and the whole Silence of the Lambs business, Riverdale really went â€œletâ€™s justâ€¦",False,en,0,1,2021-02-24 15:40:25,1364601083121786883
@CW_Riverdale I must say I like the Time Jump Riverdale better than the last  2 seasons. The story was getting old.,False,en,0,0,2021-02-24 15:23:09,1364596734970581001
"Between this, the Uncut Gems homage, the war, and the whole Silence of the Lambs business, Riverdale really went â€œletâ€™s just do it and be legendsâ€ post-time jump https://t.co/ALZ4l09qDD",False,en,51,1,2021-02-24 15:16:35,1364595084117835780
"#Riverdale stars #KJApa and #VanessaMorgan discuss the impact of the #Season5 #timejump, plus a preview for tonight's #BackToSchool. #TheCW #Archie #Toni #Betty #Cheryl #Veronica #Jughead https://t.co/aPYJ1o9hJ5",False,en,0,0,2021-02-24 15:06:25,1364592523239374853
"Why are the riverdale writers so scary to let Jughead and Veronica interact?? The time jump + Barchie was the perfect time to finally explore Jeronica but nope. Iâ€™m seeing the potential with Jughead and Tabitha doe,wonâ€™t lie. #RiverdaleSeason5 #Riverdale #jughead #Jughead",False,en,5,0,2021-02-24 13:15:51,1364564700818771972
"RT @Summie_4ever: @artlyaysenur I mean the seven year time jump is well amazing ğŸ‘ ğŸ˜‰.  Who knows maybe Josie , Valerie and Melody will makeâ€¦",False,en,0,1,2021-02-24 11:39:45,1364540514570301441
"@artlyaysenur I mean the seven year time jump is well amazing ğŸ‘ ğŸ˜‰.  Who knows maybe Josie , Valerie and Melody will make an appearance in Riverdale ğŸ¤·â€â™‚ï¸.",False,en,1,1,2021-02-24 11:35:52,1364539536227917830
"@bcgspov @buqhaed @bugheadbebs The burden being THE RELATIONSHIP OF BUGHEAD AND VARCHIE. 
Just read this article, and your illusion might disappear https://t.co/Prq8IX7W2C",False,en,0,0,2021-02-24 10:19:58,1364520439108808705
"Riverdale's creator, Roberto Aguirre-Sacasa reveals some juicy details about the seven-years time jump featured in the new season! #Riverdale #news https://t.co/yT2l1B61zi",False,en,0,0,2021-02-24 10:00:57,1364515651558211585
"IF ITS LILI AND COLE PLAYING ALICE AND FP IS TECHNICALLY STILL COUNTS AS FALICE SO WE WILL HAVE FALICE AFTER THE TIME JUMP. suck it bishes (not u @juqheadjonez, ily)

#Riverdale https://t.co/foWqrEheES",True,en,1,0,2021-02-24 09:01:40,1364500731382923264
"RT @tvpromosdb: Riverdale Season 5 ""Archie's Time Jump"" Featurette (HD) https://t.co/DNeMQrrQLW",False,en,0,2,2021-02-24 08:50:01,1364497801623851009
"ğŸ“¹ televisionpromos: Riverdale Season 5 â€œArchieâ€™s Time Jumpâ€ Featurette - BULLDOG PRIDE â€” Archie, Betty, Veronica and Jughead prepare for their first day as Riverdale Highâ€™s newest teachers. Veronica introduces her husband Chad to the group... https://t.co/WlKNJPkU7R",False,en,0,0,2021-02-24 07:36:08,1364479209004015618
"@CW_Riverdale With Katy Keene cancelled and a 7 year time jump, why hasn't Josie come back to town to help save it too? Any plans for her return? You'd think Veronica would have caught up with her in NYC and brought her along.",False,en,1,0,2021-02-24 06:19:35,1364459942665715712
"RT @_patersons: why are the riverdale writers so scared to let jughead and veronica interact, seriously? the time jump + barchie was the peâ€¦",False,en,0,14,2021-02-24 01:40:54,1364389811411419136
"@alcamps_ @BuzzFeed @BuzzFeedNews @CW_Riverdale People are noticing but no one cares?!????? 

https://t.co/czKKULkcdN",False,en,0,0,2021-02-24 01:22:59,1364385302979182594
Riverdale Season 5 - Archie's Time Jump --&gt; https://t.co/5dETjveNms  #Riverdale #Season5,False,en,0,0,2021-02-23 23:12:08,1364352370356985857
Riverdale | Time Jump | KJ Apa | The CW https://t.co/cmG5qY7v8c via @YouTube,False,en,0,0,2021-02-23 22:09:39,1364336646326394883
@BlossomFenix RAS is such a troll tbh https://t.co/lYIJRYKdHr,False,en,2,0,2021-02-23 21:39:16,1364328999191797762
I believe that â€˜Si Eko from Upnormalâ€™ is the thing that keeps me up this late. Donâ€™t mention â€˜Riverdaleâ€™ I have just watched. That 5 years time jump really persuade me to watch the show again. Eventhough I believe it will suck,False,en,0,0,2021-02-23 19:54:30,1364302634530660356
"WATCH: Riverdale Time Jump - ""Toni Topaz""! https://t.co/H1ATC6zpKB 

@VanessaMorgan #choni #riverdale https://t.co/CjzlXRKRme",False,en,0,0,2021-02-23 18:16:40,1364278016705261571
"Riverdale Season 5 ""Archie's Time Jump"" Featurette (HD)
#Riverdale
#RiverdaleSeason5

https://t.co/K9hNdekrxw https://t.co/se7bXXlOhk",False,en,0,0,2021-02-23 18:04:23,1364274921770283008
@of_lantern Ahh. Okay. That's good to hear b/c I would hate to give up Riverdale ğŸ˜‚Hopefully the L&amp;C writer will find another job stat. Josie should come back for this insane time jump!,False,en,1,0,2021-02-23 18:03:36,1364274727070687232
Watch Series 5 Series Riverdale â€“ Archieâ€™s Time JumpÂ (HD) https://t.co/L2Jo73mwFB https://t.co/5bmEWwJkM4,False,en,0,0,2021-02-23 17:07:00,1364260480932438018
"Riverdale Season 5 ""Archie's Time Jump"" Featurette (HD) https://t.co/DNeMQrrQLW",False,en,0,2,2021-02-23 17:06:02,1364260238333861889
Time jumps are ALWAYS a good idea! Or are they ğŸ¤”ğŸ¤”ğŸ¤” #Riverdale https://t.co/NxZ2Ox5jht,False,en,3,0,2021-02-23 16:53:18,1364257036356222981
RT @Riverdale_FR_: #Bughead post Time jump. âœ¨ #Riverdale https://t.co/YPMocZC1a6,False,en,0,4,2021-02-23 16:51:02,1364256464706142217
"RT @OFELLECHANT: ğ‘ªğ‘¶ğ‘¶ğ‘·ğ‘¬ğ‘¹, ğ‘¬ğ‘³ğ‘°ğ’ğ‘¨ğ‘©ğ‘¬ğ‘»ğ‘¯. 

an independent portrayal of a canon character in the riverdale verse. post seven year time jump. descâ€¦",False,en,0,29,2021-02-23 15:58:46,1364243311196798978
Now why did Riverdale do a time jump?,False,en,0,0,2021-02-23 15:56:37,1364242770911662087
"I have not been able to get Toni's entrance into the time jump off my mind. That was a juke joint reference right? This is not my area of history knowledge, so I'm not sure on the terminology. #Riverdale",False,en,2,0,2021-02-23 15:29:49,1364236027838287873
"@VanessaMorgan  I will just ask, I guess?! How many episodes are there in season 2 of 'My babysitter's a vampire'  and are there any plans for a time jump like in Riverdale.... Only ten years and be back at Whitechapel?ğŸ¤±ğŸ¤±ğŸ§›â€â™€ï¸",False,en,1,0,2021-02-23 13:35:47,1364207329244295171
"RT @joelmeadows1: Watch A Featurette On Toni's Time Jump In Riverdale Season Five 
https://t.co/6poN4LUCnB @AlasdairStuart @PaulDBrazill @câ€¦",False,en,0,2,2021-02-23 11:53:54,1364181690571194369
"'Sá´€Ê€á´…á´É´Éªá´„ Êœá´œá´á´Ê€ Éªs á´Šá´œsá´› á´Ê á´¡á´€Ê á´Ò“ Ê€á´‡ÊŸá´€á´›ÉªÉ´É¢ á´›á´ á´›Êœá´‡ á´¡á´Ê€ÊŸá´…. '
   
ğ‘­ğ’ğ’“ğ’”ğ’šğ’•ğ’‰ğ’† ğ‘·ğ’†ğ’ğ’…ğ’ğ’†ğ’•ğ’ğ’ ğ‘±ğ’ğ’ğ’†ğ’” ğ‘°ğ‘°ğ‘°
   
    / ğ™…ğ™ğ™‚ğ™ƒğ™€ğ˜¼ğ˜¿ ğ™…ğ™Šğ™‰ğ™€ğ™.

- an independent portrayal of Jughead Jones from Riverdale.  Pre and Post time jump timeline. https://t.co/9EYNQpOw4q",False,en,68,39,2021-02-23 10:53:08,1364166394171039748
not riverdale doing a 7 year time jump????? i'm so glad i stopped watching that shit,False,en,2,0,2021-02-23 10:45:16,1364164417890484225
Watch A Featurette On Toni's Time Jump In Riverdale Season Five https://t.co/6poN4LUCnB via @joelmeadows1,False,en,0,0,2021-02-23 08:05:48,1364124283543420928
"Watch A Featurette On Toni's Time Jump In Riverdale Season Five 
https://t.co/6poN4LUCnB @AlasdairStuart @PaulDBrazill @comiccrushpaul @JodyWeitzman @CW_Riverdale @RiverdaleWriter #Riverdale #RiverdaleSeason5",False,en,3,2,2021-02-23 08:03:59,1364123829392596992
Watch A Featurette On Toniâ€™ Time Jump In Riverdale SeasonÂ Five https://t.co/6poN4Mcdf9,False,en,0,0,2021-02-23 08:02:22,1364123419432808448
"I'm only in the first episode of it, but I'm really liking the time jump in Riverdale.",False,en,0,0,2021-02-23 06:43:01,1364103452654198784
Riverdale: Why The Time Jump Was A Good Idea (&amp; Why ItÂ Wasnâ€™t) https://t.co/qoSbarkdAC,False,en,0,0,2021-02-23 04:54:28,1364076136196497413
riverdale trying to make us believe they are currently in 2021 after a 7 year time jump like fred andrewsâ€™s tombstone doesnâ€™t say that he died in 2019 ğŸ˜­âœ‹ğŸ»,False,en,0,0,2021-02-23 04:42:04,1364073012425879552
"I thought the time jump of @CW_Riverdale was going to be the final goodbye to the old characters (parents) and be a fresh start for the now adult main characters but here I am watching Hiram Lodge and Alice Cooper, STILL. This is getting boring!!! ğŸ˜•",False,en,0,0,2021-02-23 03:53:12,1364060714692792321
"thinking about how the actresses who played josie and the pussycats got totally robbed on riverdale. 

Especially Ashleigh Murray. she was a regular on riverdale, then they moved her character to the katy keene spin-off, and now she canâ€™t come back to riverdale bc the time jump.",False,en,0,0,2021-02-23 03:45:11,1364058698633662464
"RT @jayr182: @madelainepetsch really invented the red lip, hung it like artwork, threw it in the trash &amp; outsold with the nude lip during aâ€¦",False,en,0,2,2021-02-23 02:57:20,1364046655515942912
I don't know how I feel about Riverdale's time jump...,False,en,1,0,2021-02-23 02:44:25,1364043405194633222
Catching up on @CW_Riverdale and I am already digging this time jump,False,en,0,0,2021-02-23 01:59:33,1364032113973067779
"|| Are there any Riverdale RPers that want to write in the time jump?

I really want to write more of that.",False,en,5,0,2021-02-22 22:46:36,1363983557673295873
Riverdale | Time Jump | Vanessa Morgan | The CW https://t.co/SKOHSPAMVb via @YouTube,False,en,0,0,2021-02-22 22:19:51,1363976826763141121
"WATCH: Vanessa Morgan talks Riverdale Time Jump! https://t.co/H1ATC6zpKB 

@VanessaMorgan #choni #riverdale https://t.co/Ko2L4qfW6J",False,en,0,0,2021-02-22 22:16:22,1363975949386207232
My favorite thing about Riverdale post-time jump is that Jughead is actually a crappy writer.,False,en,0,0,2021-02-22 21:45:00,1363968056905658368
Riverdale Season 5 - Toni's Time Jump --&gt; https://t.co/7RAeCfOrYx  #Riverdale #Season5,False,en,0,0,2021-02-22 21:25:12,1363963072713535494
"WATCH: Madchen Amick talks Riverdale Time Jump! https://t.co/hboGGk3M6r 

@madchenamick #barchie #falice #riverdale https://t.co/EH5UHmwRpJ",False,en,1,0,2021-02-22 21:12:31,1363959881712209920
"WATCH: Riverdale Time Jump - ""Kevin Keller""! https://t.co/S4tXQW1vLd 

#barchie #kangs #riverdale #varchie https://t.co/GyXmRpaD0X",False,en,0,0,2021-02-22 20:37:42,1363951119878258691
a 7 year time jump in the middle of the season ?? riverdale wtf,False,en,0,0,2021-02-22 19:44:35,1363937751893225475
Watch Series 5 in the Riverdale series â€œToniâ€™s Time Jumpâ€Â (HD) https://t.co/poGoCqEoX6 https://t.co/YVtBbv4rs9,False,en,0,0,2021-02-22 18:43:24,1363922353520996354
Vanessa Morgan (@vanessamorgan) talks briefly about Toni Topaz's trek seven years into the future in this behind the scenes look at #Riverdale season five. Watch new episodes Wednesdays on #TheCW https://t.co/Cqsuz5xiVm https://t.co/VXCsZRB7dl,False,en,1,0,2021-02-22 18:30:02,1363918992998608897
"ğ“ğ„ğ—ğ“ ğ‚ğ‡ğ€ğˆğ!

like  this tweet to be added to betty's contact list and be sent a random text message. 

set post-time jump. riverdale characters only, oc's welcome!

this will act as a continuous text chain between our two muses!

retweet  to spread the word. https://t.co/pItXMYmVno",False,en,6,1,2021-02-22 18:07:41,1363913367442894853
"Riverdale Season 5 ""Toni's Time Jump"" Featurette (HD) #RiverdaleSeason5
#Riverdale

https://t.co/eRtgAdLnVM https://t.co/cEsT6Wf4FX",False,en,1,0,2021-02-22 18:02:25,1363912040293761026
"RT @tvpromosdb: Riverdale Season 5 ""Toni's Time Jump"" Featurette (HD) https://t.co/ixKj6pMy3J",False,en,0,1,2021-02-22 17:23:51,1363902336058408960
@KyleAEW @samhighfill I would love to see #Riverdale do webisodes or something set within the 7 year time jump! Iâ€™m really liking the soft reboot so far!,False,en,0,0,2021-02-22 17:19:55,1363901344520798209
"Riverdale Season 5 ""Toni's Time Jump"" Featurette (HD) https://t.co/ixKj6pMy3J",False,en,0,1,2021-02-22 17:18:32,1363900998582890496
ğŸ“· Itâ€™s nice to see #bettycooper hair down in the time jump #riverdale #lilireinhart https://t.co/X5iBB8ec9t https://t.co/9JYIeWbQz9,False,en,0,0,2021-02-22 16:59:46,1363896274475442180
"â €
for the starter to be set post the riverdale time jump like this tweet.

due to how much things have changed by the time the timejump is done i may dm to plot our characters relationship post / pre timejump.

https://t.co/hjctQglNFi
â €",False,en,0,0,2021-02-22 16:14:23,1363884851666046979
"RT @tvpromosdb: Riverdale Season 5 ""Alice's Time Jump"" Featurette (HD) https://t.co/ehox8X4hBU",False,en,0,2,2021-02-22 16:13:57,1363884743662723076
Ok Iâ€™m just catching up on riverdale since the time jump and Toni is PREGNANT???? What #Riverdale https://t.co/cTEd31p6ot,False,en,0,0,2021-02-22 16:03:37,1363882144406384641
I don't get it what was point of riverdale season 5 ? Time jump has really made the show dull,False,en,1,0,2021-02-22 12:57:20,1363835264037232640
Not Riverdale saying the time jump is a fresh start and then just having the four main characters become teachers instead of students,False,en,2,0,2021-02-22 12:51:25,1363833775298338816
"RT @joelmeadows1: Watch A Featurette On Alice's Time Jump
https://t.co/V91xOSiTNN @AlasdairStuart @PaulDBrazill @comiccrushpaul @JodyWeitzmâ€¦",False,en,0,2,2021-02-22 12:10:38,1363823510179749893
"ğŸ“¹ televisionpromos: Riverdale Season 5 â€œAliceâ€™s Time Jumpâ€ Featurette - BULLDOG PRIDE â€” Archie, Betty, Veronica and Jughead prepare for their first day as Riverdale Highâ€™s newest teachers. Veronica introduces her husband Chad to the group... https://t.co/24hLl92sZj",False,en,0,0,2021-02-22 12:07:08,1363822631271739392
Woah. TIME JUMP #Riverdale,False,en,0,0,2021-02-22 08:33:55,1363768972294770691
"RT @abnormallyadam: I'm loving the time jump, best thing #riverdale ever did, storylines are fresh, drama is HOT, and everything is WORKINGâ€¦",False,en,0,8,2021-02-22 08:19:13,1363765272985800704
Watch A Featurette On Alice's Time Jump In Riverdale Season Five https://t.co/V91xOSiTNN via @joelmeadows1,False,en,0,0,2021-02-22 07:57:48,1363759885373091841
"Watch A Featurette On Alice's Time Jump
https://t.co/V91xOSiTNN @AlasdairStuart @PaulDBrazill @comiccrushpaul @JodyWeitzman @CW_Riverdale @RiverdaleWriter #RiverdaleSeason5",False,en,3,2,2021-02-22 07:57:22,1363759773611655168
Watch A Featurette On Aliceâ€™s Time Jump In Riverdale SeasonÂ Five https://t.co/RKxrkWZOIl,False,en,0,0,2021-02-22 07:53:44,1363758862214422530
Riverdale Season 5 - Alice's Time Jump --&gt; https://t.co/gjQL72Yw8A  #Riverdale #Season5,False,en,0,0,2021-02-22 06:20:11,1363735319267393536
"RT @bestarchiebetty: Betty holding a drink for the two while they are working together omg they are so sexy in the time jumpğŸ”¥

#Riverdale #â€¦",False,en,0,29,2021-02-22 06:09:04,1363732522400509957
Riverdale Season 5 - Kevinâ€™s Time Jump --&gt; https://t.co/CijIw5E2NG  #Riverdale #Season5,False,en,0,0,2021-02-22 05:56:14,1363729290798518273
the seven year time jump putting them in their mid 20s on riverdale is inspired and i'm really excited for the rest of the season,False,en,1,0,2021-02-22 04:57:19,1363714462121885697
Riverdale shit the bed since this time jump. Jug is even harder to bear than he first was,False,en,0,0,2021-02-22 02:21:25,1363675230770716672
letâ€™s talk about how both marvel and riverdale had a 5 year time jump... notice how bettyâ€™s love interest and brother survived tho ğŸ˜¹â“,False,en,4,0,2021-02-22 02:06:41,1363671520904552450
okay iâ€™m watching the riverdale time jump episodes now itâ€™s already so hilarious,False,en,25,1,2021-02-22 00:13:06,1363642939520348161
"RT @azalben: More #Riverdale updates! We now have the official synopsis for the first post-time jump episode, which is named... â€œChapter Eiâ€¦",False,en,0,12,2021-02-22 00:00:37,1363639797609336834
RT @azalben: Had a nice chat with #Riverdale's @DrewRayTanner in advance of tonight's graduation episode about his journey to series regulaâ€¦,False,en,0,29,2021-02-21 23:59:03,1363639404779229185
RT @EW: EW has an exclusive first look at the #Riverdale gang following the series' seven-year time jump.â€‹ https://t.co/XXosBIssVJ,False,en,0,349,2021-02-21 23:58:56,1363639375117041675
"RT @azalben: Next, a deep dive into the #Riverdale graduation episode as a whole, and in particular how Jughead's lonely, sad ending reverbâ€¦",False,en,0,7,2021-02-21 23:57:43,1363639065426481153
"RT @azalben: I've combed through all the new #Riverdale pictures, teasers and more to bring you 25 things to look out for as the show jumpsâ€¦",False,en,0,55,2021-02-21 23:57:29,1363639008681746438
RT @RacistRiverdale: remember when this hunk said no one who is together when the time jump happens will stay together or are endgame? #Barâ€¦,False,en,0,2,2021-02-21 21:15:21,1363598207947862021
#Bughead post Time jump. âœ¨ğŸ’› #Riverdale https://t.co/Afn0VeEqBx,False,en,9,0,2021-02-21 21:06:00,1363595855157207040
"RT @NetflixLifee: What do you think of the #Riverdale time jump so far? 

@DROFLIMDUDE1 and @bryceolin break it down on the latest Netflixâ€¦",False,en,0,2,2021-02-21 20:08:13,1363581310372044806
#Bughead post Time jump. âœ¨ #Riverdale https://t.co/YPMocZC1a6,False,en,37,4,2021-02-21 20:05:57,1363580741351854081
"What do you think of the #Riverdale time jump so far? 

@DROFLIMDUDE1 and @bryceolin break it down on the latest Netflix Life Podcast ğŸš¿ ğŸ¨ ğŸ“– 

#BARCHIETIMEJUMP 

Subscribe â¤µï¸

Apple: https://t.co/BI23yTSutp
Spotify: https://t.co/Gw7bxZp0wv
Google: https://t.co/i4VhxoDEpD",False,en,8,2,2021-02-21 20:00:00,1363579243519565825
RT @gldustnicks: riverdale season 5 post time jump (504) veronica lodge - st tropez (party girl) lana del rey unreleased https://t.co/HySRzâ€¦,False,en,0,1,2021-02-21 19:34:46,1363572893251084291
"WATCH: Riverdale Time Jump - ""Alice Cooper""! https://t.co/hboGGk3M6r 

@madchenamick #barchie #falice #riverdale https://t.co/GBkhVaG3Le",False,en,1,0,2021-02-21 19:24:38,1363570345433853954
"WATCH: Casey Cott talks Riverdale Time Jump! https://t.co/S4tXQW1vLd 

#barchie #kangs #riverdale #varchie https://t.co/uOeJtbygnP",False,en,2,0,2021-02-21 18:43:27,1363559981589684225
"+ ||. someone doesnâ€™t know how to do the math properly. 

According to Aria back in season one, The Liars were born in 1994. They shouldâ€™ve graduated in season 3, 2012. Riverdaleâ€™s time jump was a lot neater and executed perfectly. Marleneâ€™s just...not perfectly executed.",False,en,0,0,2021-02-21 18:32:20,1363557181488910340
Watch Riverdale Season 5 Series â€“ Aliceâ€™s Jump TimeÂ (HD) https://t.co/8FW0orZHjp https://t.co/HgS6xytQPB,False,en,0,0,2021-02-21 18:15:25,1363552925042184194
Basically the two shows exist in the same world. Some characters cross over and storylines link! But itâ€™s so much more chill than Riverdale! I great story of a group of young adults trying to make it in New York â¤ï¸ I believe it is in line with part of Riverdaleâ€™s time jump https://t.co/RX4s3mxyMq,False,en,0,0,2021-02-21 17:48:06,1363546049793687552
"Riverdale Season 5 ""Alice's Time Jump"" Featurette (HD)
#RiverdaleSeason5
#Riverdale

https://t.co/TlLRDoCgBw https://t.co/Ps5pruiMKq",False,en,1,0,2021-02-21 17:30:53,1363541718411452418
"Riverdale Season 5 ""Alice's Time Jump"" Featurette (HD) https://t.co/ehox8X4hBU",False,en,0,2,2021-02-21 17:24:01,1363539989863129091
.@madchenamick talks briefly about Alice Cooper's trek seven years into the future in this behind the scenes look at #Riverdale season five. Watch new episodes Wednesdays on #TheCW @cw_riverdale @TheCW https://t.co/RihxxQlMT5 https://t.co/8JaUIZdlsT,False,en,0,0,2021-02-21 17:21:02,1363539239636451339
@KissesA94 Yep exactly I always compare Riverdale to exactly how PLL handled their time jump with all of the main couples separated and then slowly each one of them got back together which is so unrealistic but super predictable too.,False,en,1,0,2021-02-21 15:59:34,1363518738037940225
Watch A Featurette On Kevin's Time Jump In Riverdale Season Five https://t.co/PAZDuq6R4L via @joelmeadows1,False,en,0,0,2021-02-21 15:11:46,1363506708828553216
"RT @joelmeadows1: Watch A Featurette On Kevin's Time Jump In Riverdale Season Five
https://t.co/PAZDuq6R4L @AlasdairStuart @PaulDBrazill @câ€¦",False,en,0,1,2021-02-21 15:10:52,1363506481283350535
"Watch A Featurette On Kevin's Time Jump In Riverdale Season Five
https://t.co/PAZDuq6R4L @AlasdairStuart @PaulDBrazill @comiccrushpaul @JodyWeitzman @CW_Riverdale @RiverdaleWriter #Riverdale #RiverdaleSeason5",False,en,2,1,2021-02-21 15:10:28,1363506381777731587
Watch A Featurette On Kevin Time Jump In Riverdale SeasonÂ Five https://t.co/PAZDuq6R4L,False,en,0,0,2021-02-21 15:08:04,1363505774794833922
RT @GameSpot: The CW teen drama jumped ahead seven years. Here's how all the characters are faring in season 5 of Riverdale... https://t.coâ€¦,False,en,0,3,2021-02-21 13:58:41,1363488317598167044
the only reason why i keep on watching riverdale is because of bughead the fuck i'll just pretend i did not search and knew about the seven-year time jump on s5 and treat it as if s5 doesnt exist ğŸ•³ğŸƒâ€â™€ï¸,False,en,0,0,2021-02-21 13:36:34,1363482750162927621
"RT @RiverdaleDark: Archie and the gang are back in town after the seven year time jump, and jumping in that shower, so let's recap #Riverdaâ€¦",False,en,0,7,2021-02-21 13:14:21,1363477159172599811
"RT @IrascibleSatire: Hoá¥£d oá¥’....á¥£á¥²st á¥’Î¹ght á¥•á¥²s á¥² Ïá¥£oáƒ§ to gá¥±t má¥± to rá¥±á¥²d áƒ§oá¥™r book?

Riverdale | Time jump | RP21+ |Struggling writer | Darkâ€¦",False,en,0,6,2021-02-21 13:12:10,1363476607986524161
@xoxo_barchie I hope so! Hopefully Riverdale changes things up with them because this time jump was amazing at giving them a clean slate for new things!,False,en,0,0,2021-02-21 12:37:43,1363467939370926080
@SamHowe14 At least thereâ€™s been a seven year time jump in Riverdale lol now everyone can play their age,False,en,0,0,2021-02-21 10:16:31,1363432406385119233
"RT @sarahfalcore: Riverdale before the 7 year time jump: It's 2020!
Riverdale after the 7 year time jump: It's 2021! https://t.co/gcCgXnXfaa",False,en,0,1,2021-02-21 10:15:56,1363432257747353600
"Riverdale Season 5: Hereâ€™s Where Every Character Is, Post Time-Jump 
Check it out https://t.co/OMjXAZrr1A
â€¢
â€¢
â€¢
â€¢
â€¢
#gamer #gaming #ps4 #videogames #xbox #xboxone #games #gamergirl #playstation #game",False,en,0,1,2021-02-21 08:52:01,1363411139565150208
"This time jump is painful.
#Riverdale",False,en,0,0,2021-02-21 07:55:49,1363396995902107649
"ICYMI: #Riverdale stars #LiliReinhart, #ColeSprouse, #CaseyCott, #ErinnWestbrook, and #DrewRayTanner discuss the impact of the Season 5 #timejump. #TheCW #Archie #Betty #Jughead #Veronica https://t.co/kab2DQgHGJ",False,en,2,0,2021-02-21 06:38:08,1363377446259724292
"alright time to watch some time jump riverdale, this'll be interesting",False,en,0,0,2021-02-21 06:38:03,1363377424617021440
"Why am I doing this* to myself? Itâ€™s like I enjoy suffering. 

*watching time jump Riverdale",False,en,1,0,2021-02-21 05:27:58,1363359787690299398
"Loving The #Riverdale time jump... only thing that is kinda strange is that they now call their friends' parents by their first names... Alice, Tom, Hiram... when I came back from Uni &amp; to this day I call my friends' parents Mrs.  Ms. Mr. &amp; all my elders...",False,en,3,0,2021-02-21 04:49:29,1363350105504550919
"bat shit crazy overdramatic lesbian trapped in her own gothic horror house battling a curse based off a centuries old ghost story spending her days doing nothing but painting, riverdale's time jump is the most absurd thing but cheryl blossom is literally living my dream life",False,en,1,0,2021-02-21 03:42:30,1363333246231183362
they really went all in on KJ Apa's hair since the time jump didn't they? #Riverdale,False,en,0,0,2021-02-21 03:42:11,1363333169362202627
RT @RiverdaleUnite: Did....Did Casey just hint in Kevin's time jump video that he will be getting married to Fangs and Toni's baby will beâ€¦,False,en,0,1,2021-02-21 03:22:50,1363328298466557953
Riverdale was so good until that 7 year time jump like why ğŸ™ƒ,False,en,0,0,2021-02-21 01:42:45,1363303110572138496
"RT @SingleBestScene: Here are *some* time jump thoughts!
1) FINALLY Toni has a story
2) itâ€™s nice that all these actors can look their ageâ€¦",False,en,0,1,2021-02-21 01:03:15,1363293171602444288
I know itâ€™s only 2 episodes in and theyâ€™re still laying the groundwork for it butttt... really not feeling time jump #Riverdale. Betty seems like a completely different person. The show just seems dull right now. Hope Iâ€™ll grow to enjoy it as it gets further on though.,False,en,0,0,2021-02-20 23:22:00,1363267690127908865
"RT @NetflixLifee: ğŸš¨ New Netflix Life Podcast ğŸš¨

Hosts @DROFLIMDUDE1 and @bryceolin talk: 
- #StrangerThings season 4 new character, Yuri
-â€¦",False,en,0,4,2021-02-20 22:22:05,1363252611801964544
hi so I just wanted to share the galaxy brain take that sylvia and I realized while recording for the podcast today that the time jump between barber of seville and the marriage of figaro is just like the time jump in s5 of riverdale,False,en,11,0,2021-02-20 22:21:50,1363252548208128002
Casey Cott talks briefly about Kevin Keller's trek seven years into the future in this behind the scenes look at Riverdale season five. Watch new episodes Wednesdays on The CW. https://t.co/5E1tzAI5wJ https://t.co/24sboZ1uCr,False,en,0,0,2021-02-20 22:05:02,1363248321884733441
so I just catched up on riverdale and basically after the time jump veronica say it's 2021 but like fred tombstone said he died in 2019 and the time jump is supposed to be of 7 years... congrats to riverdale's writers to be just as dumb at maths and logics as the mcu ğŸ‘,False,en,2,0,2021-02-20 21:23:25,1363237847013199876
people implying that riverdale couldn't make a scene as hot as the barchie one before time jump because the characters were in high school like you all just lying?? choni sex scene is right there https://t.co/hslLEP98G5,False,en,0,0,2021-02-20 21:22:14,1363237549783846917
Riverdale been on for 4 years now n those kids were still 15 years old. That 7 year time jump was needed fr,False,en,11,0,2021-02-20 21:17:26,1363236343204237317
"Here are *some* time jump thoughts!
1) FINALLY Toni has a story
2) itâ€™s nice that all these actors can look their age (or close) 
3) Betty &amp; Archie teaming up instead of bughead
4)all the what theyâ€™ve been up to storylines are great
5) wish there were some new sets #Riverdale",False,en,0,1,2021-02-20 20:24:13,1363222952511115268
"Riverdale Season 5 ""Kevinâ€™s Time Jump"" Featurette (HD)
#RiverdaleSeason5
#Riverdale 

https://t.co/EDAHNx856o https://t.co/AzPl5qAEtH",False,en,1,0,2021-02-20 20:12:09,1363219911720525831
"Did....Did Casey just hint in Kevin's time jump video that he will be getting married to Fangs and Toni's baby will be his and Fangs?!ğŸ˜­ğŸ˜
#Riverdale #RiverdaleSeason5 #Kangs #Choni",False,en,8,1,2021-02-20 20:10:47,1363219569687490561
"LOVING the #Riverdale time jump, might be up there with the #OneTreeHill one",False,en,0,0,2021-02-20 19:55:31,1363215729219182595
So Biff got ahold of the sports almanac during the #Riverdale time jump,False,en,1,0,2021-02-20 19:04:18,1363202838935969794
RT @knowleskravitz: imagine riverdale coming back with the 5 year time jump and they're together. the DRAMA. look at the material,True,en,0,48,2021-02-20 18:39:44,1363196657777655814
"#Riverdale stars #LiliReinhart, #ColeSprouse, #CaseyCott, #ErinnWestbrook, and #DrewRayTanner discuss the impact of the Season 5 #timejump. #TheCW #Archie #Betty #Jughead #Veronica https://t.co/kab2DQgHGJ",False,en,2,0,2021-02-20 18:36:21,1363195804236849158
"ğŸš¨ New Netflix Life Podcast ğŸš¨

Hosts @DROFLIMDUDE1 and @bryceolin talk: 
- #StrangerThings season 4 new character, Yuri
- #Barchie 
- #RiverdaleSeason5 
&amp; more

Subscribe â¤µï¸

Apple: https://t.co/9edLZkVEu9
Spotify: https://t.co/v9R5IIDOGn
Google: https://t.co/i4VhxoDEpD https://t.co/AHnIkXY63d",False,en,26,4,2021-02-20 18:00:21,1363186743806099464
"every new episode of @CW_Riverdale I keep thinking this is just a flash forward and weâ€™re gonna go back to the high school days, struggling to process the time jump ğŸ¤¯",False,en,0,0,2021-02-20 17:29:58,1363179100815376390
"RT @tvpromosdb: Riverdale Season 5 ""Kevinâ€™s Time Jump"" Featurette (HD) https://t.co/qXcLsXDdja",False,en,0,2,2021-02-20 17:20:38,1363176751954857987
"Riverdale Season 5 ""Kevinâ€™s Time Jump"" Featurette (HD) https://t.co/qXcLsXDdja",False,en,0,2,2021-02-20 17:13:02,1363174837800214528
Riverdale | Time Jump | Casey Cott | The CW https://t.co/gjKq5zz727 via @YouTube,False,en,0,0,2021-02-20 17:03:07,1363172343233662978
"WATCH: Riverdale Time Jump - ""Tabitha Tate""! https://t.co/iCNQ8qvabd 

@EriVeronica #jabitha #riverdale https://t.co/jC6jS7ZmFD",False,en,0,0,2021-02-20 16:58:04,1363171071000793094
"RT @tvpromosdb: Riverdale Season 5 ""Tabitha's Time Jump"" Featurette (HD) https://t.co/RDwio9dxYL",False,en,0,2,2021-02-20 14:54:13,1363139901894590466
"barchie's aesthetics in the time jump âœ¨

#Riverdale #Barchie https://t.co/56acwSGCl4",False,en,309,46,2021-02-20 14:52:22,1363139439644577793
RT @lovemesometopaz: @CW_Riverdale 2 episodes into the time jump and season 5 is already riverdaleâ€™s best season. please donâ€™t go back to tâ€¦,False,en,0,2,2021-02-20 14:11:00,1363129026055991296
RT @SuusGodsChild: The time jump is the best that happend on #Riverdale and #Barchie offcourse https://t.co/XmsOfmITnv,False,en,0,2,2021-02-20 13:16:05,1363115206059024387
The time jump is the best that happend on #Riverdale and #Barchie offcourse https://t.co/XmsOfmITnv,False,en,7,2,2021-02-20 12:24:53,1363102324202369028
"RT @joelmeadows1: Watch A Featurette On Tabitha's Time Jump In Riverdale Season Five
https://t.co/0LWwNCBHER @AlasdairStuart @PaulDBrazillâ€¦",False,en,0,1,2021-02-20 12:04:55,1363097299300319232
"ğŸ“¹ televisionpromos: Riverdale Season 5 â€œJugheadâ€™s Time Jumpâ€ Featurette - BULLDOG PRIDE â€” Archie, Betty, Veronica and Jughead prepare for their first day as Riverdale Highâ€™s newest teachers. Veronica introduces her husband Chad to the group... https://t.co/e7sP8UNNzO",False,en,0,0,2021-02-20 11:58:42,1363095734686523392
RT @BugheadUpdates: The real reason Riverdale becomes a ghost town under Hiram's grip during the time jump is because Bughead split up andâ€¦,False,en,0,39,2021-02-20 10:49:30,1363078320020217856
RT @BugheadUpdates: Just appreciating how good Bughead look after the time jump #Riverdale https://t.co/0JBx97PUYo,False,en,0,140,2021-02-20 10:44:44,1363077119190982661
RT @BugheadUpdates: Time jump Bughead are gonna be very attractive together #Riverdale https://t.co/i6gKVtMmBM,False,en,0,117,2021-02-20 10:44:37,1363077089499492353
"RT @1tm_4: Nice time jumpğŸ˜‰ 
#Riverdale #Barchie https://t.co/YeTuAQia9c",False,en,0,1,2021-02-20 10:28:41,1363073080478720003
"RT @BettyTrendtv: Riverdale Season 5 ""Jughead's Time Jump"" Featurette (HD) 
#Riverdale #RiverdaleSeason5

https://t.co/xUQibL1DRf https://tâ€¦",False,en,0,1,2021-02-20 10:24:08,1363071934649356290
The CW teen drama jumped ahead seven years. Here's how all the characters are faring in season 5 of Riverdale... https://t.co/tq9D5Hsn0L https://t.co/OCjeun3Xjp,False,en,72,3,2021-02-20 10:00:11,1363065906818150401
"RT @slowburnsftw: @BarchieUpdates interview after 5x04
https://t.co/VVxYAyDAxW",False,en,0,1,2021-02-20 09:57:42,1363065284119175168
"The only reason they got #Veronica married coz if she had rolled up single to riverdale after the time jump #barchie wud not have been possible, but they made chad toxic leaving door open for #varchie too. Contrived writing. #riverdale",False,en,5,0,2021-02-20 09:54:58,1363064595930378240
"I love the 7 year time jump in riverdale . It makes room for a lot of things to happen . Canâ€™t wait to see them living they life and the actually drama , not the kiddy drama .",False,en,0,0,2021-02-20 09:52:41,1363064018253062145
i cant believe riverdale annoyed us with varchie and bughead for four years only to break them off this easily with the time jump ğŸ˜¹ğŸ˜¹ğŸ˜¹ğŸ˜¹ğŸ˜¹ should've happened sooner then,False,en,0,0,2021-02-20 09:00:19,1363050840018321408
Watch A Featurette On Tabitha's Time Jump In Riverdale Season Five https://t.co/0LWwNCBHER via @joelmeadows1,False,en,1,0,2021-02-20 07:53:20,1363033986335932417
"Watch A Featurette On Tabitha's Time Jump In Riverdale Season Five
https://t.co/0LWwNCBHER @AlasdairStuart @PaulDBrazill @comiccrushpaul @JodyWeitzman #Riverdale #RiverdaleSeason5 @CW_Riverdale @RiverdaleWriter @CWRiverdaleNews",False,en,3,1,2021-02-20 07:51:40,1363033563847938049
Watch A Featurette On Tabithaâ€™s Time Jump In Riverdale SeasonÂ Five https://t.co/0LWwNCTiwp,False,en,0,0,2021-02-20 07:49:38,1363033055263301633
"â €
for the starter to be set post the riverdale time jump like this tweet.

a lot has changed by the time jj comes back to town, he has changed a lot too. i may dm to plot our characters relationship post / pre timejump.

https://t.co/VnMNIQ6R0l
â €",False,en,0,0,2021-02-20 07:26:24,1363027207183040512
"@BarchieUpdates interview after 5x04
https://t.co/VVxYAyDAxW",False,en,9,1,2021-02-20 07:01:56,1363021049961451521
"Time jump the rest of the season? On snap 6yrs.
TF is he wearing! #Riverdale 
So are we gonna be young adults acting in roles that match our actual age?! ğŸ˜² Hollywood is in shock lol",False,en,0,0,2021-02-20 06:07:05,1363007246276395008
"@HeadlessDildo oh boy. @CW_Riverdale is crazy. Fred died in 2019 and we just did a seven year time jump to 2021. Um, even the writers are like we donâ€™t f-ing care anymore.",False,en,0,0,2021-02-20 03:27:11,1362967003904970753
"RT @newsgirlalice: ALICE SMITH ;

        literate &amp; descriptive Alice Cooper, from Riverdale. time jump friendly. 18 +. years experience iâ€¦",False,en,0,28,2021-02-20 02:56:35,1362959306493100034
"@CW_Riverdale 2 episodes into the time jump and season 5 is already riverdaleâ€™s best season. please donâ€™t go back to the terrible blueprint of season 2, 3, and 4 where no one but the core four had relevance to the storyline or any screentime and never changing or bringing in new dynamics",False,en,43,2,2021-02-20 02:09:53,1362947552828682240
RT @adampknave: So after the 7 year time jump does Cheryl rule Riverdale with her bow and arrow? Did she rename the town Quiverdale? If neiâ€¦,False,en,0,2,2021-02-20 02:05:47,1362946522716000261
riverdale did a 7 year time jump only for me to still not even believe these people are 25 years old either,False,en,0,0,2021-02-20 01:49:14,1362942357423984640
So after the 7 year time jump does Cheryl rule Riverdale with her bow and arrow? Did she rename the town Quiverdale? If neither of these things - why not?,False,en,13,2,2021-02-20 01:44:13,1362941091318693889
RIVERDALE DID A TIME JUMP??? PLSSNDKSFA,False,en,0,0,2021-02-20 01:11:41,1362932905186627585
RT @ManofDestinyy: @CW_Riverdale The time jump is the best thing to happen to this show since season 1. I look forward to Wednesdayâ€™s again!,False,en,0,2,2021-02-20 01:10:42,1362932656976101383
"why are the riverdale writers so scared to let jughead and veronica interact, seriously? the time jump + barchie was the perfect time to finally explore jeronica but nope. their chemistry is off the chart it's such a waste",False,en,73,14,2021-02-20 01:10:39,1362932645584330753
This Riverdale time jump is giving me whiplash.,False,en,3,0,2021-02-20 01:08:50,1362932188539420675
@CW_Riverdale The time jump is the best thing to happen to this show since season 1. I look forward to Wednesdayâ€™s again!,False,en,10,2,2021-02-20 01:03:57,1362930960908566532
catching up on Riverdale... haven't even seen the first time jump episode... let's gooo,False,en,0,0,2021-02-20 01:03:19,1362930801659301888
"RT @NetflixLifee: .@DROFLIMDUDE1 and @bryceolin talked all things #Riverdale season 5:
- #Barchie scene
- the time jump 
- Cheryl 
&amp; more iâ€¦",False,en,0,5,2021-02-19 23:46:32,1362911476718133249
"RT @eStream_Studios: Riverdale Season 5: Here's Where Every Character Is, Post Time-Jump: A time jump in a television show can revive a staâ€¦",False,en,0,3,2021-02-19 22:56:34,1362898902479892487
Riverdale Season 5 - Tabitha's Time Jump --&gt; https://t.co/Xt0SzRtw56  #Riverdale #Season5,False,en,0,0,2021-02-19 22:56:21,1362898846670553088
".@DROFLIMDUDE1 and @bryceolin talked all things #Riverdale season 5:
- #Barchie scene
- the time jump 
- Cheryl 
&amp; more in the latest episode of the Netflix Life Podcast 

Subscribe â¤µï¸

ğŸ: https://t.co/9edLZkVEu9
Spotify: https://t.co/v9R5IIDOGn
Google: https://t.co/i4VhxoDEpD https://t.co/IDpiKpL5Bq",False,en,15,5,2021-02-19 22:30:00,1362892217174487049
"Riverdale Season 5 ""Tabitha's Time Jump"" Featurette (HD)
#Riverdale #riverdale5

https://t.co/poY5S5xHkg https://t.co/XfiqpIqztQ",False,en,0,0,2021-02-19 21:40:20,1362879717939027973
7 year time jump was the best decision the riverdale writers couldâ€™ve made tbh (yes I watch Riverdale itâ€™s my guilty pleasure ğŸ¥´),False,en,0,0,2021-02-19 21:38:49,1362879336471285764
Watch Riverdale Season 5 â€“ Tabithaâ€™s Time JumpÂ (HD) https://t.co/pBZ47H4wBg https://t.co/vWiFTFKgfn,False,en,0,0,2021-02-19 21:30:00,1362877116778377218
"RT @glittermagazine: Riverdale fans, â€œChapter Eighty-One: The Homecomingâ€ continues to make us fall in love with the time jump plot while sâ€¦",False,en,0,23,2021-02-19 21:27:40,1362876530305601537
"Nice time jumpğŸ˜‰ 
#Riverdale #Barchie https://t.co/YeTuAQia9c",False,en,3,1,2021-02-19 21:01:23,1362869916072878082
"Y'all, I was so confused watching Riverdale last week. Like, I knew there was going to be a time jump for this season. But I didn't understand why there was no wrap-up from last season. Apparently, there were 3 previous episodes I missed ğŸ˜‚",False,en,0,0,2021-02-19 20:10:04,1362857000724557830
"This time jump on #riverdale is making season 3s hot mess, dumpster fire Emmy worthy. Wake me up when Riverdale gets it's head out of it's ass.",False,en,1,0,2021-02-19 20:04:39,1362855637953236996
"RT @NetflixLifee: In the latest episode of the Netflix Life Podcast, @DROFLIMDUDE1 and @bryceolin talk #Barchie, post-time jump #Riverdale,â€¦",False,en,0,3,2021-02-19 19:49:40,1362851868209152000
"WATCH: Erinn Westbrook talks Riverdale Time Jump! https://t.co/iCNQ8qvabd 

@EriVeronica #jabitha #riverdale https://t.co/GYA7iwcaRt",False,en,0,0,2021-02-19 19:40:47,1362849630669651968
"Riverdale Season 5 â€œJugheadâ€™s Time Jumpâ€ Featurette

Riverdale official website: https://t.co/eSjvKQtBPW
@CW_Riverdale 
#Riverdale https://t.co/SnkiVbuJpw",False,en,1,0,2021-02-19 19:36:52,1362848648179105795
"WATCH: Riverdale Time Jump - ""Jughead Jones""! https://t.co/OVFmzDdKTy 

@colesprouse #bughead #riverdale https://t.co/B9DVmfFd2n",False,en,0,0,2021-02-19 19:15:10,1362843184498376710
time jump plssss riverdale just be doing ANYTHING https://t.co/UPavh09lYL,True,en,0,0,2021-02-19 18:41:22,1362834679674642435
"okay riverdale watchers... answer this SINCERELY PLS is the ""after time-jump"" worth catching up on the show? iâ€™m only missing 4 episodes of season 4.. you can reply telling me why/why not too!",False,en,1,0,2021-02-19 18:30:51,1362832031747629058
@b4ljeet Not saying that I watch Riverdale but if I did Iâ€™d tell you that this is the result of a time jump into the future where Veronica owns a jewelry store but her husband hates it because he wants her to be a âœ¨housewifeâœ¨,False,en,1,0,2021-02-19 18:15:04,1362828062585458699
"In the latest episode of the Netflix Life Podcast, @DROFLIMDUDE1 and @bryceolin talk #Barchie, post-time jump #Riverdale, the new #StrangerThings season 4 teaser, and more! 

https://t.co/njGiyjJQvB",False,en,23,3,2021-02-19 17:59:49,1362824222712602624
"ğŸ¥ºğŸ¥ºğŸ¥º
[Riverdale | Time Jump | Erinn Westbrook] #riverdale @EriVeronica https://t.co/0AALjcm6J1",False,en,23,3,2021-02-19 17:48:27,1362821364462333952
Erinn Westbrook (@eriveronica) talks briefly about Tabitha Tate's trek seven years into the future in this behind the scenes look at #Riverdale season five. Watch new episodes Wednesdays on #TheCW https://t.co/KeucJ9bbKX https://t.co/KPctwq7MLM,False,en,0,0,2021-02-19 17:44:02,1362820251075895303
"Riverdale Season 5 ""Tabitha's Time Jump"" Featurette (HD) https://t.co/RDwio9dxYL",False,en,0,2,2021-02-19 17:19:33,1362814088829497350
"Riverdale spoilers below!

Thank GOD they did the jump forward in time thing because I couldn't bear these people my age playing teenagers, I thought. Then looked it up and the cast are super young why do they look like grown ups and I don't.",False,en,0,0,2021-02-19 17:03:13,1362809980274024456
Riverdale | Time Jump | Erinn Westbrook | The CW https://t.co/eP3jzSNqrm via @YouTube,False,en,0,0,2021-02-19 17:02:02,1362809681119301632
"@topazgotjuice @ashiimp4 Favorite character on Riverdale Betty Cooper. 
Time Jump Veronica is annoying.
#BarchieSeason5TimeJump",False,en,0,0,2021-02-19 16:52:29,1362807278265630720
"Riverdale time jump said ğŸ¤¡ â€œmy family acknowledges everything youâ€™ve done,â€ to Cheryl, but they ainâ€™t ever gonna tell us what that was... and also sheâ€™s all alone in life again. Love that for her.",False,en,0,0,2021-02-19 15:42:45,1362789727137587219
"@the_moviebob I stopped watching Riverdale for a while because it was kinda dumb and annoying, but I'm back in because it's become so dumb and insane! It's completely fascinating! Chad Michael Murray playing an organ harvesting cult leader who built his own escape rocket! And now a time jump! https://t.co/4aj77pgV6g",False,en,1,0,2021-02-19 14:51:29,1362776828109348866
RT @YoungEntmag: The time jump in the latest @CW_Riverdale episode revealed that Veronica has a swoon-worthy husband! Check out our interviâ€¦,False,en,0,38,2021-02-19 14:49:52,1362776421341552660
ngl riverdale has got a different vibe in the 7 year time jump,False,en,0,0,2021-02-19 14:43:21,1362774779233714182
