tweets,quote_status,language,favorite_count,retweet_count,time,id,processed_text,cleaned_tweets
cheronica is hot why lie https://t.co/kAR7kTcd1D,True,en,1,0,2021-02-27 17:34:02,1365716836675850242,"['cheronica', 'hot', 'lie']",cheronica hot lie
@tiedu2me OMGGG CHERONICA !!,False,en,0,0,2021-02-27 17:32:26,1365716435725615104,"['omggg', 'cheronica']",omggg cheronica
RT @choniswitches2: I‚Äôll leave the fandom. my nerves i can take but ive had deep rooted beef with cheronica for YEARS!!!!! WHEN I SAY THAT‚Ä¶,True,en,0,1,2021-02-27 17:24:39,1365714477707051013,"['leave', 'fandom', 'nerves', 'take', 'ive', 'deep', 'rooted', 'beef', 'cheronica', 'years', 'say']",leave fandom nerves take ive deep rooted beef cheronica years say
I‚Äôll leave the fandom. my nerves i can take but ive had deep rooted beef with cheronica for YEARS!!!!! WHEN I SAY THAT SHIP CAN CHOKE!!!!! https://t.co/SHM19gBgPy,True,en,16,1,2021-02-27 17:22:24,1365713910637207553,"['leave', 'fandom', 'nerves', 'take', 'ive', 'deep', 'rooted', 'beef', 'cheronica', 'years', 'say', 'ship', 'choke']",leave fandom nerves take ive deep rooted beef cheronica years say ship choke
waiting for my cheronica scenes https://t.co/Bzt09YbATG,False,en,0,0,2021-02-27 09:06:59,1365589233386229762,"['waiting', 'cheronica', 'scenes']",waiting cheronica scenes
@beronicq @oliviabakcr then why does it make sense that i like braley since i'm a cheronica??? you the one not adding up https://t.co/5p2MKmIaZp,False,en,0,0,2021-02-27 03:18:03,1365501423820156929,"['make', 'sense', 'like', 'braley', 'since', 'cheronica', 'one', 'adding']",make sense like braley since cheronica one adding
@beronicq @oliviabakcr you hate cheronica so you hate braley?,False,en,0,0,2021-02-27 03:15:43,1365500833652215817,"['hate', 'cheronica', 'hate', 'braley']",hate cheronica hate braley
"RT @Everybody_Sings: dear writers,

first one is Cheronica, second one is trash. Please don't mix it up ‚ù§Ô∏è https://t.co/mX9OrbZvwv",False,en,0,1,2021-02-27 00:17:44,1365456045443809285,"['dear', 'writers', 'first', 'one', 'cheronica', 'second', 'one', 'trash', 'please', 'mix']",dear writers first one cheronica second one trash please mix
when cheronica get paired up first at the key party and I get my small crumbs before choni get back together.......,False,en,4,0,2021-02-26 22:03:47,1365422334870388737,"['cheronica', 'get', 'paired', 'first', 'key', 'party', 'get', 'small', 'crumbs', 'choni', 'get', 'back', 'together']",cheronica get paired first key party get small crumbs choni get back together
i‚Äôll get stabbed for this but cheronica pls rise https://t.co/a7nFC6AioI,True,en,0,0,2021-02-26 17:49:38,1365358373831663617,"['get', 'stabbed', 'cheronica', 'pls', 'rise']",get stabbed cheronica pls rise
my theory veronica is going to open that jewely store with cheryl bc cheryl is needing money so they will work in that business together and fall in love and finially cheronica is going to happen ;) have a good day,False,en,0,0,2021-02-26 17:35:03,1365354703534624769,"['theory', 'veronica', 'going', 'open', 'jewely', 'store', 'cheryl', 'bc', 'cheryl', 'needing', 'money', 'work', 'business', 'together', 'fall', 'love', 'finially', 'cheronica', 'going', 'happen', 'good', 'day']",theory veronica going open jewely store cheryl bc cheryl needing money work business together fall love finially cheronica going happen good day
if you don't like Cheronica look away cause idgaf üòÉ,False,en,0,0,2021-02-25 21:14:18,1365047493550104583,"['like', 'cheronica', 'look', 'away', 'cause', 'idgaf']",like cheronica look away cause idgaf
"dear writers,

first one is Cheronica, second one is trash. Please don't mix it up ‚ù§Ô∏è https://t.co/mX9OrbZvwv",False,en,4,1,2021-02-25 21:12:34,1365047057841590280,"['dear', 'writers', 'first', 'one', 'cheronica', 'second', 'one', 'trash', 'please', 'mix']",dear writers first one cheronica second one trash please mix
@cappuchoni maybe it‚Äôs for the best that the writers don‚Äôt know the other cheronica exists,False,en,2,0,2021-02-25 17:28:32,1364990679039045632,"['maybe', 'best', 'writers', 'know', 'cheronica', 'exists']",maybe best writers know cheronica exists
I'm making a cheronica prom scene and I'm lovin' it. https://t.co/0DxxFFxSZZ,False,en,18,0,2021-02-25 10:54:34,1364891530645942274,"['making', 'cheronica', 'prom', 'scene', 'lovin']",making cheronica prom scene lovin
i‚Äôm counting on cheronica one on one scenes to bring me back to riverdale,False,en,5,0,2021-02-25 10:11:00,1364880567670562816,"['counting', 'cheronica', 'one', 'one', 'scenes', 'bring', 'back', 'riverdale']",counting cheronica one one scenes bring back riverdale
if I can‚Äôt have cheronica I WANT THEM!!,False,en,1,0,2021-02-25 01:39:41,1364751890974531584,"['cheronica', 'want']",cheronica want
i just realized he‚Äôs using ‚Äúcheronica‚Äù as in chad and veronica üòï https://t.co/9U6FYpdhWk https://t.co/mj7kbWQfps,True,en,15,0,2021-02-25 00:14:40,1364730497398497281,"['realized', 'using', 'cheronica', 'chad', 'veronica']",realized using cheronica chad veronica
@RiverdaleWriter Don‚Äôt get me wrong I luv VARCHIE but I‚Äôm kinda liking CHERONICA rn,False,en,5,0,2021-02-25 00:07:47,1364728766237409290,"['get', 'wrong', 'luv', 'varchie', 'kinda', 'liking', 'cheronica', 'rn']",get wrong luv varchie kinda liking cheronica rn
@stefsarch NO FUCK THAT CHERONICA IS VERONICA AND CHERYLS IDC,False,en,1,0,2021-02-24 23:44:26,1364722889262387205,"['fuck', 'cheronica', 'veronica', 'cheryls', 'idc']",fuck cheronica veronica cheryls idc
wait i‚Äôm so stupid i thought cheryl and veronica were having scenes not cheronica being chad and veronica‚Äôs ship name,False,en,5,0,2021-02-24 23:32:36,1364719911847800833,"['wait', 'stupid', 'thought', 'cheryl', 'veronica', 'scenes', 'cheronica', 'chad', 'veronica', 'ship', 'name']",wait stupid thought cheryl veronica scenes cheronica chad veronica ship name
CHERONICA IS ALREADY TAKEN AND WHY SHOULD CHAD EVEN BE INCLUDED IN A SHIP NAME?‚Äôb HES SICKENING,False,en,3,0,2021-02-24 23:31:34,1364719650974683144,"['cheronica', 'already', 'taken', 'chad', 'even', 'included', 'ship', 'name', 'b', 'hes', 'sickening']",cheronica already taken chad even included ship name b hes sickening
is cheronica the ship name for chad and veronicaüßçüèª‚Äç‚ôÄÔ∏è https://t.co/oiqXtooXQJ,False,en,6,0,2021-02-24 23:24:48,1364717948120813568,"['cheronica', 'ship', 'name', 'chad', 'veronica']",cheronica ship name chad veronica
@jchnnysbqrchie CHERONICA IS ALREADY TAKEN?!?,False,en,0,0,2021-02-24 23:19:19,1364716566642884613,"['cheronica', 'already', 'taken']",cheronica already taken
NOW WHYD HE TAG CHERONICA???? https://t.co/D5Nq3flDkJ,False,en,42,0,2021-02-24 23:19:13,1364716543238672387,"['whyd', 'tag', 'cheronica']",whyd tag cheronica
@POVPAREKH same i don‚Äôt watch anymore but i thought cheronica was gonna be a thing,False,en,1,0,2021-02-24 20:06:18,1364667991472889858,"['watch', 'anymore', 'thought', 'cheronica', 'gonna', 'thing']",watch anymore thought cheronica gonna thing
@POVPAREKH literally like i used to be a lowkey cheronica before choni,False,en,1,0,2021-02-24 19:17:27,1364655697535897604,"['literally', 'like', 'used', 'lowkey', 'cheronica', 'choni']",literally like used lowkey cheronica choni
"The way all of Veronica‚Äôs ship names are superior... Jeronica, SweetVee, TabithaRonnie, Beronica, Varchie, Cheronica, Lopaz, Veggie, Vangs, etc üòåüòåüòå",False,en,15,0,2021-02-23 06:28:38,1364099834546847754,"['way', 'veronica', 'ship', 'names', 'superior', 'jeronica', 'sweetvee', 'tabitharonnie', 'beronica', 'varchie', 'cheronica', 'lopaz', 'veggie', 'vangs', 'etc']",way veronica ship names superior jeronica sweetvee tabitharonnie beronica varchie cheronica lopaz veggie vangs etc
"RT @deIenasx: üèÜ#RIVERDALE BEST SHIP üèÜ
          vote for ur faves ü•∞

https://t.co/LtcMKlSWod

#varchie #bughead #choni #beronica #archosie‚Ä¶",False,en,0,4,2021-02-23 02:46:14,1364043865339084806,"['riverdale', 'best', 'ship', 'vote', 'ur', 'faves', 'varchie', 'bughead', 'choni', 'beronica', 'archosie']",riverdale best ship vote ur faves varchie bughead choni beronica archosie
"RT @deIenasx: üèÜ#RIVERDALE BEST SHIP üèÜ
          vote for ur faves ü•∞

https://t.co/9YgxiJZcCx

#varchie #bughead #choni #beronica #archosie‚Ä¶",True,en,0,1,2021-02-23 02:17:57,1364036747089297408,"['riverdale', 'best', 'ship', 'vote', 'ur', 'faves', 'varchie', 'bughead', 'choni', 'beronica', 'archosie']",riverdale best ship vote ur faves varchie bughead choni beronica archosie
"üèÜ#RIVERDALE BEST SHIP üèÜ
          vote for ur faves ü•∞

https://t.co/9YgxiJZcCx

#varchie #bughead #choni #beronica #archosie #barchie #falice #mevin #kangs #cheronica #veggies 

*just to be clear again, tomorrow I will post both sets of results - one from the voting which https://t.co/1kQB1r3t6M",True,en,4,1,2021-02-23 02:07:03,1364034002638811137,"['riverdale', 'best', 'ship', 'vote', 'ur', 'faves', 'varchie', 'bughead', 'choni', 'beronica', 'archosie', 'barchie', 'falice', 'mevin', 'kangs', 'cheronica', 'veggies', 'clear', 'tomorrow', 'post', 'sets', 'results', 'one', 'voting']",riverdale best ship vote ur faves varchie bughead choni beronica archosie barchie falice mevin kangs cheronica veggies clear tomorrow post sets results one voting
"üèÜ#RIVERDALE BEST SHIP üèÜ
          vote for ur faves ü•∞

https://t.co/LtcMKlSWod

#varchie #bughead #choni #beronica #archosie #barchie #falice #mevin #kangs #cheronica #veggie

Ps. I'm creating another one where you can only vote once with your account and we'll compare https://t.co/zehlFUdYPf",False,en,11,4,2021-02-23 01:47:18,1364029032929632256,"['riverdale', 'best', 'ship', 'vote', 'ur', 'faves', 'varchie', 'bughead', 'choni', 'beronica', 'archosie', 'barchie', 'falice', 'mevin', 'kangs', 'cheronica', 'veggie', 'ps', 'creating', 'another', 'one', 'vote', 'account', 'compare']",riverdale best ship vote ur faves varchie bughead choni beronica archosie barchie falice mevin kangs cheronica veggie ps creating another one vote account compare
"RT @deIenasx: üèÜ RIVERDALE BEST SHIP üèÜ
          vote for ur faves ü•∞

https://t.co/YxWUhUOWLD

#riverdale #varchie #bughead #choni #beronica‚Ä¶",False,en,0,2,2021-02-23 00:51:49,1364015069915451395,"['riverdale', 'best', 'ship', 'vote', 'ur', 'faves', 'riverdale', 'varchie', 'bughead', 'choni', 'beronica']",riverdale best ship vote ur faves riverdale varchie bughead choni beronica
"üèÜ RIVERDALE BEST SHIP üèÜ
          vote for ur faves ü•∞

https://t.co/YxWUhUOWLD

#riverdale #varchie #bughead #choni #beronica #archosie #barchie #falice #mevin #kangs #cheronica #veggie https://t.co/mW2oUtMXJg",False,en,12,2,2021-02-23 00:32:44,1364010269320630275,"['riverdale', 'best', 'ship', 'vote', 'ur', 'faves', 'riverdale', 'varchie', 'bughead', 'choni', 'beronica', 'archosie', 'barchie', 'falice', 'mevin', 'kangs', 'cheronica', 'veggie']",riverdale best ship vote ur faves riverdale varchie bughead choni beronica archosie barchie falice mevin kangs cheronica veggie
"RT @deIenasx: wait I wanna do this too I‚Äôm bored üôéüèº‚Äç‚ôÄÔ∏è

Vote: #Riverdale Best Ships* 
Time: 2 hours, 1:35 AM here (unless I fall asleep the‚Ä¶",False,en,0,2,2021-02-23 00:31:14,1364009891833151489,"['wait', 'wanna', 'bored', 'vote', 'riverdale', 'best', 'ships', 'time', '2', 'hours', '1', '35', 'unless', 'fall', 'asleep']",wait wanna bored vote riverdale best ships time 2 hours 1 35 unless fall asleep
"RT @deIenasx: üèÜ RIVERDALE BEST SHIP üèÜ
          vote for ur faves ü•∞

#riverdale #varchie #bughead #choni #beronica #archosie #barchie #fali‚Ä¶",True,en,0,1,2021-02-22 23:59:52,1364001996135682063,"['riverdale', 'best', 'ship', 'vote', 'ur', 'faves', 'riverdale', 'varchie', 'bughead', 'choni', 'beronica', 'archosie', 'barchie', 'fali']",riverdale best ship vote ur faves riverdale varchie bughead choni beronica archosie barchie fali
"why cheronica would never be a serve. 

they‚Äôre way too similar, have no chemistry, veronica barely talked to cheryl after season 1, she also accused cheryl of liking jason in a way a sister shouldn‚Äôt like a brother. still not over that, love her though. 

thank you for coming üòå",False,en,7,0,2021-02-22 23:44:06,1363998029829832708,"['cheronica', 'would', 'never', 'serve', 'way', 'similar', 'chemistry', 'veronica', 'barely', 'talked', 'cheryl', 'season', '1', 'also', 'accused', 'cheryl', 'liking', 'jason', 'way', 'sister', 'like', 'brother', 'still', 'love', 'though', 'thank', 'coming']",cheronica would never serve way similar chemistry veronica barely talked cheryl season 1 also accused cheryl liking jason way sister like brother still love though thank coming
"üèÜ RIVERDALE BEST SHIP üèÜ
          vote for ur faves ü•∞

#riverdale #varchie #bughead #choni #beronica #archosie #barchie #falice #mevin #kangs #cheronica https://t.co/LC6cvSQjU3",True,en,5,1,2021-02-22 23:41:01,1363997252398637056,"['riverdale', 'best', 'ship', 'vote', 'ur', 'faves', 'riverdale', 'varchie', 'bughead', 'choni', 'beronica', 'archosie', 'barchie', 'falice', 'mevin', 'kangs', 'cheronica']",riverdale best ship vote ur faves riverdale varchie bughead choni beronica archosie barchie falice mevin kangs cheronica
"wait I wanna do this too I‚Äôm bored üôéüèº‚Äç‚ôÄÔ∏è

Vote: #Riverdale Best Ships* 
Time: 2 hours, 1:35 AM here (unless I fall asleep then all night)

#varchie #bughead #choni #beronica #archosie #barchie #falice #mevin #kangs #cheronica 

https://t.co/YxWUhUOWLD",False,en,6,2,2021-02-22 23:34:16,1363995555089829895,"['wait', 'wanna', 'bored', 'vote', 'riverdale', 'best', 'ships', 'time', '2', 'hours', '1', '35', 'unless', 'fall', 'asleep', 'night', 'varchie', 'bughead', 'choni', 'beronica', 'archosie', 'barchie', 'falice', 'mevin', 'kangs', 'cheronica']",wait wanna bored vote riverdale best ships time 2 hours 1 35 unless fall asleep night varchie bughead choni beronica archosie barchie falice mevin kangs cheronica
"RT @chonicarrington: üèÜ10TH PLACEüèÜ

CHERONICA (CHERYL &amp; VERONICA) - (3.4%) https://t.co/pzSmTIPFOp",False,en,0,3,2021-02-22 22:56:47,1363986122876067843,"['10th', 'place', 'cheronica', 'cheryl', 'amp', 'veronica', '3', '4']",10th place cheronica cheryl amp veronica 3 4
@robynchoni i dont like shipping cheryl and toni with anyone else long term so i lowkey get angry when i see the hashtag 'cheronica' or 'lopaz' (i also cant see either of them with veronica) but i like the idea of minerva and cheryl is bc ik she isn't in the show for more than three episodes,False,en,0,0,2021-02-22 22:34:41,1363980560067137537,"['dont', 'like', 'shipping', 'cheryl', 'toni', 'anyone', 'else', 'long', 'term', 'lowkey', 'get', 'angry', 'see', 'hashtag', 'cheronica', 'lopaz', 'also', 'cant', 'see', 'either', 'veronica', 'like', 'idea', 'minerva', 'cheryl', 'bc', 'ik', 'show', 'three', 'episodes']",dont like shipping cheryl toni anyone else long term lowkey get angry see hashtag cheronica lopaz also cant see either veronica like idea minerva cheryl bc ik show three episodes
"me voting for choni, cheronica, and lopaz in the ship awards https://t.co/oV4bL6fGMd",False,en,5,0,2021-02-22 22:29:04,1363979144795746304,"['voting', 'choni', 'cheronica', 'lopaz', 'ship', 'awards']",voting choni cheronica lopaz ship awards
a lot better than cheronica https://t.co/xx7EkokaQB,True,en,2,0,2021-02-22 22:26:05,1363978394535301120,"['lot', 'better', 'cheronica']",lot better cheronica
OMG LOPAZ DID BEAT CHERONICA https://t.co/O7Zdpq1RnX,True,en,10,0,2021-02-22 22:23:52,1363977838488145922,"['omg', 'lopaz', 'beat', 'cheronica']",omg lopaz beat cheronica
RT @0Mothman2: Cheronica stans are ugly and dumb üòµüî´üíÄ,True,en,0,1,2021-02-22 22:23:00,1363977617272020992,"['cheronica', 'stans', 'ugly', 'dumb']",cheronica stans ugly dumb
Cheronica stans are ugly and dumb üòµüî´üíÄ https://t.co/8FiBW23Ksf,True,en,1,1,2021-02-22 22:21:16,1363977182477959172,"['cheronica', 'stans', 'ugly', 'dumb']",cheronica stans ugly dumb
i have such a deep hatred for cheronica,False,en,5,0,2021-02-22 22:18:20,1363976443450056708,"['deep', 'hatred', 'cheronica']",deep hatred cheronica
...worst thing i‚Äôve seen all day. THE FACT THAT THEY EVEN MADE THE TOP TEN??? CHERONICA SHIPPERS. ITS NOT GONNA HAPPEN. https://t.co/JNLkSUqFAF,True,en,4,0,2021-02-22 22:15:55,1363975835233959943,"['worst', 'thing', 'seen', 'day', 'fact', 'even', 'made', 'top', 'ten', 'cheronica', 'shippers', 'gonna', 'happen']",worst thing seen day fact even made top ten cheronica shippers gonna happen
"üèÜ10TH PLACEüèÜ

CHERONICA (CHERYL &amp; VERONICA) - (3.4%) https://t.co/pzSmTIPFOp",False,en,31,3,2021-02-22 22:14:12,1363975406353846287,"['10th', 'place', 'cheronica', 'cheryl', 'amp', 'veronica', '3', '4']",10th place cheronica cheryl amp veronica 3 4
@antcinettetopaz ellie ships cheronica or chughead i know this,False,en,1,0,2021-02-22 18:43:25,1363922357056897027,"['ellie', 'ships', 'cheronica', 'chughead', 'know']",ellie ships cheronica chughead know
when will i get my cheronica scenes i wanted since s1,False,en,1,0,2021-02-22 18:08:41,1363913616391430147,"['get', 'cheronica', 'scenes', 'wanted', 'since', 's1']",get cheronica scenes wanted since s1
"Adding non canon ships
-
Nooreva, Deborges, Vileva, Cheronica &amp; Stellbloom",False,en,1,0,2021-02-22 07:33:04,1363753661009170434,"['adding', 'non', 'canon', 'ships', 'nooreva', 'deborges', 'vileva', 'cheronica', 'amp', 'stellbloom']",adding non canon ships nooreva deborges vileva cheronica amp stellbloom
"@liamsheda ‚Äî top fav characters:
1. veronica 
2. toni 
3. betty 
‚Äî fav ship: barchie 
‚Äî least fav ship: bughead 
‚Äî fav season: 1 
‚Äî fav friendship: cheronica 
‚Äî fav season finale: 1
‚Äî least fav character: jughead or hiram 
‚Äî rating out of 10: 6",False,en,0,0,2021-02-22 01:31:52,1363662759309635584,"['top', 'fav', 'characters', '1', 'veronica', '2', 'toni', '3', 'betty', 'fav', 'ship', 'barchie', 'least', 'fav', 'ship', 'bughead', 'fav', 'season', '1', 'fav', 'friendship', 'cheronica', 'fav', 'season', 'finale', '1', 'least', 'fav', 'character', 'jughead', 'hiram', 'rating', '10', '6']",top fav characters 1 veronica 2 toni 3 betty fav ship barchie least fav ship bughead fav season 1 fav friendship cheronica fav season finale 1 least fav character jughead hiram rating 10 6
"‚Äî top fav characters:
1. archie  
2. toni
3. cheryl / veronica
‚Äî fav ship: barchie &amp; choni
‚Äî least fav ship: b*ghead
‚Äî fav season: unpop opinion but 5 so far
‚Äî fav friendship: cheronica
‚Äî fav season finale: 1 or 3
‚Äî least fav character: jughead
‚Äî rating out of 10: 8 https://t.co/WHsfud7y5u",True,en,2,0,2021-02-22 01:19:41,1363659693441359872,"['top', 'fav', 'characters', '1', 'archie', '2', 'toni', '3', 'cheryl', 'veronica', 'fav', 'ship', 'barchie', 'amp', 'choni', 'least', 'fav', 'ship', 'b', 'ghead', 'fav', 'season', 'unpop', 'opinion', '5', 'far', 'fav', 'friendship', 'cheronica', 'fav', 'season', 'finale', '1', '3', 'least', 'fav', 'character', 'jughead', 'rating', '10', '8']",top fav characters 1 archie 2 toni 3 cheryl veronica fav ship barchie amp choni least fav ship b ghead fav season unpop opinion 5 far fav friendship cheronica fav season finale 1 3 least fav character jughead rating 10 8
"@taymilashizzie ‚Äî top fav characters:
1. betty 
2. veronica 
3. toni or cheryl 
‚Äî fav ship: beronica 
‚Äî least fav ship: cheronica or ba 
‚Äî fav season: s1
‚Äî fav friendship: kevin and betty tbh
‚Äî fav season finale: 4x19 
‚Äî least fav character: idk rlly lol
‚Äî rating out of 10: UHH",False,en,1,0,2021-02-22 01:13:50,1363658220682809349,"['top', 'fav', 'characters', '1', 'betty', '2', 'veronica', '3', 'toni', 'cheryl', 'fav', 'ship', 'beronica', 'least', 'fav', 'ship', 'cheronica', 'ba', 'fav', 'season', 's1', 'fav', 'friendship', 'kevin', 'betty', 'tbh', 'fav', 'season', 'finale', '4x19', 'least', 'fav', 'character', 'idk', 'rlly', 'lol', 'rating', '10', 'uhh']",top fav characters 1 betty 2 veronica 3 toni cheryl fav ship beronica least fav ship cheronica ba fav season s1 fav friendship kevin betty tbh fav season finale 4x19 least fav character idk rlly lol rating 10 uhh
"@blairolines hello give me a show

‚Äî top fav characters:
1. veronica 
2. archie
3. toni
‚Äî fav ship: varchie
‚Äî least fav ship: barchie
‚Äî fav season: 2 &amp; 4
‚Äî fav friendship: cheronica 
‚Äî fav season finale: 3
‚Äî least fav character: betty
‚Äî rating out of 10: 7.5",False,en,0,0,2021-02-22 01:12:21,1363657848153079808,"['hello', 'give', 'show', 'top', 'fav', 'characters', '1', 'veronica', '2', 'archie', '3', 'toni', 'fav', 'ship', 'varchie', 'least', 'fav', 'ship', 'barchie', 'fav', 'season', '2', 'amp', '4', 'fav', 'friendship', 'cheronica', 'fav', 'season', 'finale', '3', 'least', 'fav', 'character', 'betty', 'rating', '10', '7', '5']",hello give show top fav characters 1 veronica 2 archie 3 toni fav ship varchie least fav ship barchie fav season 2 amp 4 fav friendship cheronica fav season finale 3 least fav character betty rating 10 7 5
That‚Äôs y we need more Cheronica because Cheronica supremacy https://t.co/hSKlA1ACBx,True,en,1,0,2021-02-22 00:44:38,1363650875848335363,"['need', 'cheronica', 'cheronica', 'supremacy']",need cheronica cheronica supremacy
@milfyswift Right !! Like I prefer choni but cheronica has some v shippable moments ü•∞,False,en,2,0,2021-02-21 23:05:11,1363625847635214343,"['right', 'like', 'prefer', 'choni', 'cheronica', 'v', 'shippable', 'moments']",right like prefer choni cheronica v shippable moments
"@jessdamnday hahaha ur good
- top fav characters:
1. cheryl
2. veronica
3. toni
- fav ship: choni
- fav season: 1
- fav friendship: cheronica
- fav season finale: 1
- least fav character: out of the main archie ??
- rating out of 10: 5",False,en,2,0,2021-02-21 16:11:30,1363521742057189380,"['hahaha', 'ur', 'good', 'top', 'fav', 'characters', '1', 'cheryl', '2', 'veronica', '3', 'toni', 'fav', 'ship', 'choni', 'fav', 'season', '1', 'fav', 'friendship', 'cheronica', 'fav', 'season', 'finale', '1', 'least', 'fav', 'character', 'main', 'archie', 'rating', '10', '5']",hahaha ur good top fav characters 1 cheryl 2 veronica 3 toni fav ship choni fav season 1 fav friendship cheronica fav season finale 1 least fav character main archie rating 10 5
"@klainescandIes ‚Äî top fav characters:
1.veronica
2. toni 
3.archie 
‚Äî fav ship:varchie
‚Äî least fav ship:barchie
‚Äî fav season:1 or 3(only bc it was summer)
‚Äî fav friendship:cheronica 
‚Äî fav season finale:3
‚Äî least fav character:betty
‚Äî rating out of 10:7/10",False,en,1,0,2021-02-21 15:32:58,1363512042674659334,"['top', 'fav', 'characters', '1', 'veronica', '2', 'toni', '3', 'archie', 'fav', 'ship', 'varchie', 'least', 'fav', 'ship', 'barchie', 'fav', 'season', '1', '3', 'bc', 'summer', 'fav', 'friendship', 'cheronica', 'fav', 'season', 'finale', '3', 'least', 'fav', 'character', 'betty', 'rating', '10', '7', '10']",top fav characters 1 veronica 2 toni 3 archie fav ship varchie least fav ship barchie fav season 1 3 bc summer fav friendship cheronica fav season finale 3 least fav character betty rating 10 7 10
"@lamercenairex i watched bf, i will watch given and i started to use ~ *insert the word* ~, you influenced my pinterest boards and stuff, i shipped cheronica and started to listen to hozier, and i will read tsh &lt;3",False,en,1,0,2021-02-20 10:44:23,1363077029441249282,"['watched', 'bf', 'watch', 'given', 'started', 'use', 'insert', 'word', 'influenced', 'pinterest', 'boards', 'stuff', 'shipped', 'cheronica', 'started', 'listen', 'hozier', 'read', 'tsh', 'lt', '3']",watched bf watch given started use insert word influenced pinterest boards stuff shipped cheronica started listen hozier read tsh lt 3
no bc at this point i will take just about any wlw veronica ship i can get like beronica lopaz cheronica tabitharonnie gimme anything PLEASE.,False,en,1,0,2021-02-20 00:03:48,1362915820494536711,"['bc', 'point', 'take', 'wlw', 'veronica', 'ship', 'get', 'like', 'beronica', 'lopaz', 'cheronica', 'tabitharonnie', 'gimme', 'anything', 'please']",bc point take wlw veronica ship get like beronica lopaz cheronica tabitharonnie gimme anything please
@chonismaid exactly and toni doesn‚Äôt even have a legitimate rival pairing meanwhile we have very devoted cheronica shooters to this day üò≠üò≠üò≠,False,en,1,0,2021-02-19 23:09:08,1362902064309800960,"['exactly', 'toni', 'even', 'legitimate', 'rival', 'pairing', 'meanwhile', 'devoted', 'cheronica', 'shooters', 'day']",exactly toni even legitimate rival pairing meanwhile devoted cheronica shooters day
