tweets,quote_status,language,favorite_count,retweet_count,time,id,rating,processed_text,cleaned_tweets
RT @RiverdaleRefer1: They way he looks at her. #jeronica #riverdale https://t.co/kmrpIfhwvf,False,en,0,7,2021-03-03 00:27:19,1366908008517619712,"{'neg': 0.0, 'neu': 1.0, 'pos': 0.0, 'compound': 0.0}","['way', 'looks', 'jeronica', 'riverdale']",way looks jeronica riverdale
RT @LaBella_Aria: I love the bickering between Cami and Cole! On screen or off these 2 are great together #jeronica #Riverdale #vughead htt‚Ä¶,False,en,0,2,2021-03-03 00:27:05,1366907947293552642,"{'neg': 0.0, 'neu': 0.689, 'pos': 0.311, 'compound': 0.8622}","['love', 'bickering', 'cami', 'cole', 'screen', '2', 'great', 'together', 'jeronica', 'riverdale', 'vughead', 'htt']",love bickering cami cole screen 2 great together jeronica riverdale vughead htt
"RT @shereeniha: As much as I like Varchie, I adore the idea of Vughead (or is it Jeronica?) more. And hoping that plot twist will actually‚Ä¶",False,en,0,2,2021-03-03 00:24:29,1366907294412374017,"{'neg': 0.0, 'neu': 0.696, 'pos': 0.304, 'compound': 0.8473}","['much', 'like', 'varchie', 'adore', 'idea', 'vughead', 'jeronica', 'hoping', 'plot', 'twist', 'actually']",much like varchie adore idea vughead jeronica hoping plot twist actually
@slowburnsftw I was just thinking this! ‚ÄúI‚Äôve known for awhile‚Äù or when them hook up comes to light he actually saw something of Bettys or her leave As house while coming home or literally anything like that üôåüèª Game for jeronica to be on board the Barchie train,False,en,7,0,2021-03-02 17:16:56,1366799696329646083,"{'neg': 0.024, 'neu': 0.919, 'pos': 0.057, 'compound': 0.3802}","['thinking', 'known', 'awhile', 'hook', 'comes', 'light', 'actually', 'saw', 'something', 'bettys', 'leave', 'house', 'coming', 'home', 'literally', 'anything', 'like', 'game', 'jeronica', 'board', 'barchie', 'train']",thinking known awhile hook comes light actually saw something bettys leave house coming home literally anything like game jeronica board barchie train
"Jeronica is cursed, I don‚Äôt ship anymore https://t.co/WOOMRDOqLA",False,en,3,0,2021-03-02 16:40:12,1366790453044129792,"{'neg': 0.0, 'neu': 1.0, 'pos': 0.0, 'compound': 0.0}","['jeronica', 'cursed', 'ship', 'anymore']",jeronica cursed ship anymore
i‚Äôve been a varchie jeronica and a jarchie and this is like if all that morphed into one single edit,False,en,0,0,2021-03-02 16:38:34,1366790040672739330,"{'neg': 0.0, 'neu': 0.872, 'pos': 0.128, 'compound': 0.3612}","['varchie', 'jeronica', 'jarchie', 'like', 'morphed', 'one', 'single', 'edit']",varchie jeronica jarchie like morphed one single edit
Ohh I realized that post was by a jeronica fanpage üò≠,False,en,3,0,2021-03-02 16:18:27,1366784978483372032,"{'neg': 0.0, 'neu': 1.0, 'pos': 0.0, 'compound': 0.0}","['ohh', 'realized', 'post', 'jeronica', 'fanpage']",ohh realized post jeronica fanpage
veronica and jughead future yale classmates? come on jeronica endgame,False,en,1,0,2021-03-02 15:03:38,1366766149954916354,"{'neg': 0.0, 'neu': 1.0, 'pos': 0.0, 'compound': 0.0}","['veronica', 'jughead', 'future', 'yale', 'classmates', 'come', 'jeronica', 'endgame']",veronica jughead future yale classmates come jeronica endgame
"@rtalalay omg, Jeronica pleaseüò≠üò≠üò≠ https://t.co/iRqkv4RToZ",False,en,0,0,2021-03-02 14:27:47,1366757130095767556,"{'neg': 0.0, 'neu': 1.0, 'pos': 0.0, 'compound': 0.0}","['omg', 'jeronica', 'please']",omg jeronica please
RT @veronicacelias: The world if Jeronica gets TWO one on one scenes this season https://t.co/uBYJX5df6p,False,en,0,7,2021-03-02 12:27:58,1366726974991958019,"{'neg': 0.0, 'neu': 1.0, 'pos': 0.0, 'compound': 0.0}","['world', 'jeronica', 'gets', 'two', 'one', 'one', 'scenes', 'season']",world jeronica gets two one one scenes season
@beeslahey jeronica could live together cus of the fire ü§≠ü§≠,False,en,0,0,2021-03-02 08:49:33,1366672009028059138,"{'neg': 0.211, 'neu': 0.789, 'pos': 0.0, 'compound': -0.34}","['jeronica', 'could', 'live', 'together', 'cus', 'fire']",jeronica could live together cus fire
i just had a dream about rvd‚Äôs key party or whatever that‚Äôs called and it seemed so real omg the two unexpected kisses were jeronica and choni i hope i manifested it lmao,False,en,0,0,2021-03-02 08:10:17,1366662128275447808,"{'neg': 0.0, 'neu': 0.619, 'pos': 0.381, 'compound': 0.93}","['dream', 'rvd', 'key', 'party', 'whatever', 'called', 'seemed', 'real', 'omg', 'two', 'unexpected', 'kisses', 'jeronica', 'choni', 'hope', 'manifested', 'lmao']",dream rvd key party whatever called seemed real omg two unexpected kisses jeronica choni hope manifested lmao
Not Zumpie shipping Jabitha‚Ä¶‚Ä¶‚Ä¶‚Ä¶ who‚Äôs gonna tell her they‚Äôre what Jeronica would have been if given a chance lol,False,en,1,0,2021-03-02 02:52:15,1366582093166243846,"{'neg': 0.0, 'neu': 0.769, 'pos': 0.231, 'compound': 0.5859}","['zumpie', 'shipping', 'jabitha', 'gonna', 'tell', 'jeronica', 'would', 'given', 'chance', 'lol']",zumpie shipping jabitha gonna tell jeronica would given chance lol
@lilicamifan jeronica i think,False,en,1,0,2021-03-01 23:37:26,1366533065779085312,"{'neg': 0.0, 'neu': 1.0, 'pos': 0.0, 'compound': 0.0}","['jeronica', 'think']",jeronica think
RT @claire39458517: Why are the riverdale writers so scary to let Jughead and Veronica interact?? The time jump + Barchie was the perfect t‚Ä¶,False,en,0,1,2021-03-01 18:31:51,1366456163043209216,"{'neg': 0.153, 'neu': 0.72, 'pos': 0.127, 'compound': -0.1965}","['riverdale', 'writers', 'scary', 'let', 'jughead', 'veronica', 'interact', 'time', 'jump', 'barchie', 'perfect']",riverdale writers scary let jughead veronica interact time jump barchie perfect
The world if Jeronica gets TWO one on one scenes this season https://t.co/uBYJX5df6p,False,en,29,7,2021-03-01 18:30:03,1366455712294064134,"{'neg': 0.0, 'neu': 1.0, 'pos': 0.0, 'compound': 0.0}","['world', 'jeronica', 'gets', 'two', 'one', 'one', 'scenes', 'season']",world jeronica gets two one one scenes season
@sadfeelingshavr literally same like fp and hiram enemies to lovers when... if i can‚Äôt have jeronica i will have them,False,en,2,0,2021-03-01 17:30:18,1366440674103541760,"{'neg': 0.133, 'neu': 0.622, 'pos': 0.245, 'compound': 0.4019}","['literally', 'like', 'fp', 'hiram', 'enemies', 'lovers', 'jeronica']",literally like fp hiram enemies lovers jeronica
"@bjrchies beggie is a comic thing, they have even less interactions than jeronica wtf",False,en,1,0,2021-03-01 17:03:06,1366433828936507394,"{'neg': 0.241, 'neu': 0.759, 'pos': 0.0, 'compound': -0.5859}","['beggie', 'comic', 'thing', 'even', 'less', 'interactions', 'jeronica', 'wtf']",beggie comic thing even less interactions jeronica wtf
jeronica both have hot dads this is how we can still win,False,en,1,0,2021-03-01 16:48:24,1366430127928856576,"{'neg': 0.0, 'neu': 0.743, 'pos': 0.257, 'compound': 0.5859}","['jeronica', 'hot', 'dads', 'still', 'win']",jeronica hot dads still win
RT @bugverchoni: if u wrote in jeronica barchie or bughead into the gay ship awards why are u homophobicüò≠,False,en,0,1,2021-03-01 16:03:36,1366418854067376135,"{'neg': 0.0, 'neu': 0.842, 'pos': 0.158, 'compound': 0.4588}","['u', 'wrote', 'jeronica', 'barchie', 'bughead', 'gay', 'ship', 'awards', 'u', 'homophobic']",u wrote jeronica barchie bughead gay ship awards u homophobic
so tempted to write a jeronica au where fbi agent jughead jones goes undercover to uproot a crime syndicate and falls in love with the crime boss daughter veronica lodge,False,en,1,0,2021-03-01 13:51:52,1366385703475552262,"{'neg': 0.193, 'neu': 0.691, 'pos': 0.116, 'compound': -0.4215}","['tempted', 'write', 'jeronica', 'au', 'fbi', 'agent', 'jughead', 'jones', 'goes', 'undercover', 'uproot', 'crime', 'syndicate', 'falls', 'love', 'crime', 'boss', 'daughter', 'veronica', 'lodge']",tempted write jeronica au fbi agent jughead jones goes undercover uproot crime syndicate falls love crime boss daughter veronica lodge
"@ifyoutrustme jeronica bonding over their love for archie is literally so true remember when jughead said ""if you keep this up you are gonna need a superhero name like Pureheart the Powerful"" and then ronnie remembered it and said ""you archie are Pureheart the Powerful"" HERES HOW WE CAN WIN",False,en,1,0,2021-03-01 13:24:22,1366378781678698497,"{'neg': 0.0, 'neu': 0.678, 'pos': 0.322, 'compound': 0.9659}","['jeronica', 'bonding', 'love', 'archie', 'literally', 'true', 'remember', 'jughead', 'said', 'keep', 'gonna', 'need', 'superhero', 'name', 'like', 'pureheart', 'powerful', 'ronnie', 'remembered', 'said', 'archie', 'pureheart', 'powerful', 'heres', 'win']",jeronica bonding love archie literally true remember jughead said keep gonna need superhero name like pureheart powerful ronnie remembered said archie pureheart powerful heres win
"RT @BarrosEsquerdo: @rtalalay I really wanted something to happen between Jugh and Veronica in this episode! But the ""unexpected"" kiss will‚Ä¶",False,en,0,1,2021-03-01 02:56:32,1366220781844377600,"{'neg': 0.0, 'neu': 0.86, 'pos': 0.14, 'compound': 0.4753}","['really', 'wanted', 'something', 'happen', 'jugh', 'veronica', 'episode', 'unexpected', 'kiss']",really wanted something happen jugh veronica episode unexpected kiss
RT @victoria106__: @RiverdaleRefer1 Why is the Vughead/Jeronica fandom so funny doe üò≠ that was literally me in season 3 üíÄ seriously tho I n‚Ä¶,False,en,0,1,2021-03-01 02:55:29,1366220519637417990,"{'neg': 0.073, 'neu': 0.768, 'pos': 0.16, 'compound': 0.4663}","['vughead', 'jeronica', 'fandom', 'funny', 'doe', 'literally', 'season', '3', 'seriously', 'tho', 'n']",vughead jeronica fandom funny doe literally season 3 seriously tho n
RT @victoria106__: @WriterRAS i‚Äôm gonna need some Jeronica/Vughead scenes tbh üòó,False,en,0,1,2021-03-01 02:55:26,1366220505410392067,"{'neg': 0.0, 'neu': 1.0, 'pos': 0.0, 'compound': 0.0}","['gonna', 'need', 'jeronica', 'vughead', 'scenes', 'tbh']",gonna need jeronica vughead scenes tbh
RT @cherryplushies: @CW_Riverdale Good morning give me some more Jeronica crumbs :) https://t.co/LxKmIqH048,False,en,0,4,2021-03-01 02:01:00,1366206807635611650,"{'neg': 0.0, 'neu': 0.641, 'pos': 0.359, 'compound': 0.7322}","['good', 'morning', 'give', 'jeronica', 'crumbs']",good morning give jeronica crumbs
"people be shipping jeronica- bye the only core 4 ships allowed are bughead, varchie, beronica and jarchie and thats final.",False,en,0,0,2021-03-01 01:56:52,1366205768291221511,"{'neg': 0.0, 'neu': 1.0, 'pos': 0.0, 'compound': 0.0}","['people', 'shipping', 'jeronica', 'bye', 'core', '4', 'ships', 'allowed', 'bughead', 'varchie', 'beronica', 'jarchie', 'thats', 'final']",people shipping jeronica bye core 4 ships allowed bughead varchie beronica jarchie thats final
@RiverdaleRefer1 Why is the Vughead/Jeronica fandom so funny doe üò≠ that was literally me in season 3 üíÄ seriously tho I need more scenes of them ü§°‚úåüèª,False,en,4,1,2021-03-01 01:45:57,1366203021785448453,"{'neg': 0.064, 'neu': 0.794, 'pos': 0.141, 'compound': 0.4663}","['vughead', 'jeronica', 'fandom', 'funny', 'doe', 'literally', 'season', '3', 'seriously', 'tho', 'need', 'scenes']",vughead jeronica fandom funny doe literally season 3 seriously tho need scenes
@WriterRAS i‚Äôm gonna need some Jeronica/Vughead scenes tbh üòó,False,en,3,1,2021-03-01 01:43:15,1366202339678433283,"{'neg': 0.0, 'neu': 1.0, 'pos': 0.0, 'compound': 0.0}","['gonna', 'need', 'jeronica', 'vughead', 'scenes', 'tbh']",gonna need jeronica vughead scenes tbh
RT @LaBella_Aria: Omg I never noticed her thumb caressing his üòçüòçüòçüíïüíï #jeronica #Riverdale #vughead,True,en,0,1,2021-03-01 01:20:25,1366196595298099201,"{'neg': 0.0, 'neu': 1.0, 'pos': 0.0, 'compound': 0.0}","['omg', 'never', 'noticed', 'thumb', 'caressing', 'jeronica', 'riverdale', 'vughead']",omg never noticed thumb caressing jeronica riverdale vughead
RT @RiverdaleRefer1: Everytime #jeronica https://t.co/BW7Lgjw84g,False,en,0,1,2021-03-01 01:19:21,1366196326770241537,"{'neg': 0.0, 'neu': 1.0, 'pos': 0.0, 'compound': 0.0}","['everytime', 'jeronica']",everytime jeronica
@rtalalay Pls let it be Jeronica! It's not but a girl can wish! üò≠,False,en,0,0,2021-03-01 01:18:05,1366196009043451910,"{'neg': 0.0, 'neu': 0.654, 'pos': 0.346, 'compound': 0.6467}","['pls', 'let', 'jeronica', 'girl', 'wish']",pls let jeronica girl wish
RT @Shivranjaniii: #Jeronica needs a chance https://t.co/HfIfg3qkSZ,False,en,0,3,2021-03-01 01:12:39,1366194639162781697,"{'neg': 0.0, 'neu': 0.714, 'pos': 0.286, 'compound': 0.25}","['jeronica', 'needs', 'chance']",jeronica needs chance
TIME #jeronica https://t.co/S0snYETNhE,False,en,7,0,2021-03-01 00:51:02,1366189201876791301,"{'neg': 0.0, 'neu': 1.0, 'pos': 0.0, 'compound': 0.0}","['time', 'jeronica']",time jeronica
DAMN #jeronica https://t.co/UlOot7nPbe,False,en,5,0,2021-03-01 00:51:00,1366189191047086088,"{'neg': 0.632, 'neu': 0.368, 'pos': 0.0, 'compound': -0.5319}","['damn', 'jeronica']",damn jeronica
Everytime #jeronica https://t.co/BW7Lgjw84g,False,en,7,1,2021-03-01 00:50:55,1366189170125905922,"{'neg': 0.0, 'neu': 1.0, 'pos': 0.0, 'compound': 0.0}","['everytime', 'jeronica']",everytime jeronica
They way he looks at her. #jeronica #riverdale https://t.co/kmrpIfhwvf,False,en,30,7,2021-03-01 00:50:52,1366189159627567115,"{'neg': 0.0, 'neu': 1.0, 'pos': 0.0, 'compound': 0.0}","['way', 'looks', 'jeronica', 'riverdale']",way looks jeronica riverdale
RT @ShellyLahey: I was very bored so enjoy my lovely Jeronica‚Äôs!! https://t.co/tBrkpTT1vO,False,en,0,2,2021-03-01 00:18:01,1366180889189842947,"{'neg': 0.123, 'neu': 0.411, 'pos': 0.467, 'compound': 0.8272}","['bored', 'enjoy', 'lovely', 'jeronica']",bored enjoy lovely jeronica
if u wrote in jeronica barchie or bughead into the gay ship awards why are u homophobicüò≠,False,en,30,1,2021-02-28 23:53:33,1366174732890959872,"{'neg': 0.0, 'neu': 0.824, 'pos': 0.176, 'compound': 0.4588}","['u', 'wrote', 'jeronica', 'barchie', 'bughead', 'gay', 'ship', 'awards', 'u', 'homophobic']",u wrote jeronica barchie bughead gay ship awards u homophobic
"@rtalalay I really wanted something to happen between Jugh and Veronica in this episode! But the ""unexpected"" kiss will probably not be theirs. It is difficult to like Jeronica, when we know that they both have a lot of chemistry and the writers waste it. But we cannot have expectations https://t.co/xrZG6noSqu",False,en,11,1,2021-02-28 23:30:43,1366168988573708291,"{'neg': 0.095, 'neu': 0.809, 'pos': 0.095, 'compound': 0.0}","['really', 'wanted', 'something', 'happen', 'jugh', 'veronica', 'episode', 'unexpected', 'kiss', 'probably', 'difficult', 'like', 'jeronica', 'know', 'lot', 'chemistry', 'writers', 'waste', 'cannot', 'expectations']",really wanted something happen jugh veronica episode unexpected kiss probably difficult like jeronica know lot chemistry writers waste cannot expectations
"@rtalalay Jeronica should happen, the fandom needs this @rtalalay @WriterRAS !!!!",False,en,2,0,2021-02-28 23:12:19,1366164358477283329,"{'neg': 0.0, 'neu': 1.0, 'pos': 0.0, 'compound': 0.0}","['jeronica', 'happen', 'fandom', 'needs']",jeronica happen fandom needs
I was very bored so enjoy my lovely Jeronica‚Äôs!! https://t.co/tBrkpTT1vO,False,en,28,2,2021-02-28 22:10:19,1366148754517020673,"{'neg': 0.137, 'neu': 0.343, 'pos': 0.52, 'compound': 0.8272}","['bored', 'enjoy', 'lovely', 'jeronica']",bored enjoy lovely jeronica
omggg please be a Jeronica!! üò≥ #jeronica #vughead https://t.co/fp1GZBORDU https://t.co/2vsFZa5LEk,True,en,7,0,2021-02-28 21:34:26,1366139723702534145,"{'neg': 0.0, 'neu': 0.708, 'pos': 0.292, 'compound': 0.4374}","['omggg', 'please', 'jeronica', 'jeronica', 'vughead']",omggg please jeronica jeronica vughead
@rtalalay please be Jeronica omgggg!!!,False,en,3,0,2021-02-28 21:30:10,1366138651537727492,"{'neg': 0.0, 'neu': 0.557, 'pos': 0.443, 'compound': 0.4898}","['please', 'jeronica', 'omgggg']",please jeronica omgggg
Please let one of those kisses be #jeronica #Riverdale #vughead https://t.co/s5xmLvY5bM,True,en,7,0,2021-02-28 21:19:28,1366135956382781440,"{'neg': 0.0, 'neu': 0.616, 'pos': 0.384, 'compound': 0.6808}","['please', 'let', 'one', 'kisses', 'jeronica', 'riverdale', 'vughead']",please let one kisses jeronica riverdale vughead
even jeronica kissing isnt that bad. I just hate barchie,False,en,1,0,2021-02-28 20:23:01,1366121753013932037,"{'neg': 0.228, 'neu': 0.369, 'pos': 0.403, 'compound': 0.431}","['even', 'jeronica', 'kissing', 'isnt', 'bad', 'hate', 'barchie']",even jeronica kissing isnt bad hate barchie
WAIT WAIT- WHAT IF JERONICA??? https://t.co/ivNs8Dgkx3,True,en,9,0,2021-02-28 20:13:46,1366119423388639232,"{'neg': 0.0, 'neu': 1.0, 'pos': 0.0, 'compound': 0.0}","['wait', 'wait', 'jeronica']",wait wait jeronica
@milfyswift cole and camila apart of the jeronica friendship community confirmed! i rlly think the writers are wasting their potential by never having them interact. they could be so fun to watch and also have sweeter moments where they bond over their parents and how they shaped their lives,False,en,6,0,2021-02-28 18:49:19,1366098170942533634,"{'neg': 0.049, 'neu': 0.816, 'pos': 0.135, 'compound': 0.694}","['cole', 'camila', 'apart', 'jeronica', 'friendship', 'community', 'confirmed', 'rlly', 'think', 'writers', 'wasting', 'potential', 'never', 'interact', 'could', 'fun', 'watch', 'also', 'sweeter', 'moments', 'bond', 'parents', 'shaped', 'lives']",cole camila apart jeronica friendship community confirmed rlly think writers wasting potential never interact could fun watch also sweeter moments bond parents shaped lives
here's how there's still time for jeronica to be friends instead of acquaintances after five seasons i will try to be brief,False,en,8,0,2021-02-28 18:33:37,1366094218461138948,"{'neg': 0.0, 'neu': 0.866, 'pos': 0.134, 'compound': 0.4767}","['still', 'time', 'jeronica', 'friends', 'instead', 'acquaintances', 'five', 'seasons', 'try', 'brief']",still time jeronica friends instead acquaintances five seasons try brief
its funny that jeronicas exist and i know they exist but i have never encountered one please follow me im not a jeronica but i love them immensely and love to talk abt the implications of time skip jughead and veronica at all times,False,en,10,0,2021-02-28 18:32:08,1366093845268676609,"{'neg': 0.233, 'neu': 0.727, 'pos': 0.039, 'compound': -0.8909}","['funny', 'jeronicas', 'exist', 'know', 'exist', 'never', 'encountered', 'one', 'please', 'follow', 'im', 'jeronica', 'love', 'immensely', 'love', 'talk', 'abt', 'implications', 'time', 'skip', 'jughead', 'veronica', 'times']",funny jeronicas exist know exist never encountered one please follow im jeronica love immensely love talk abt implications time skip jughead veronica times
jeronica X deep end https://t.co/tEyP6rIVsa,False,en,0,0,2021-02-28 18:25:06,1366092077805764615,"{'neg': 0.0, 'neu': 1.0, 'pos': 0.0, 'compound': 0.0}","['jeronica', 'x', 'deep', 'end']",jeronica x deep end
jeronica X fire on fire https://t.co/PUM6JAhRaw,False,en,0,0,2021-02-28 18:25:06,1366092075821903874,"{'neg': 0.615, 'neu': 0.385, 'pos': 0.0, 'compound': -0.5859}","['jeronica', 'x', 'fire', 'fire']",jeronica x fire fire
RT @ifyoutrustme: jugtabitharonnie trio where veronica and tabitha connect over their struggle in trying to decide if they‚Äôre pops girls or‚Ä¶,False,en,0,1,2021-02-28 18:01:46,1366086202659602433,"{'neg': 0.103, 'neu': 0.897, 'pos': 0.0, 'compound': -0.3182}","['jugtabitharonnie', 'trio', 'veronica', 'tabitha', 'connect', 'struggle', 'trying', 'decide', 'pops', 'girls']",jugtabitharonnie trio veronica tabitha connect struggle trying decide pops girls
"RT @BarrosEsquerdo: @victoria106__ @imaginebarchie I hope he said a truth in a good sense, for the fandom Jeronica https://t.co/8YhuVpNCGO",False,en,0,1,2021-02-28 17:51:48,1366083697108279301,"{'neg': 0.0, 'neu': 0.616, 'pos': 0.384, 'compound': 0.7964}","['hope', 'said', 'truth', 'good', 'sense', 'fandom', 'jeronica']",hope said truth good sense fandom jeronica
RT @ifyoutrustme: the bechdel test but it‚Äôs jeronica having a conversation that isn‚Äôt about betty or archie,False,en,0,1,2021-02-28 17:29:55,1366078190003707907,"{'neg': 0.0, 'neu': 1.0, 'pos': 0.0, 'compound': 0.0}","['bechdel', 'test', 'jeronica', 'conversation', 'betty', 'archie']",bechdel test jeronica conversation betty archie
@CW_Riverdale Good morning give me some more Jeronica crumbs :) https://t.co/LxKmIqH048,False,en,20,4,2021-02-28 17:02:11,1366071209474031624,"{'neg': 0.0, 'neu': 0.594, 'pos': 0.406, 'compound': 0.7322}","['good', 'morning', 'give', 'jeronica', 'crumbs']",good morning give jeronica crumbs
"this is how we got stuck with literally the worst ships in teen tv history on rvd for four seasons. now imagine if barchie, veggie or jeronica were the main couples from the start? the show seems better doesn‚Äôt it? https://t.co/Im8jUgivUX",False,en,2,0,2021-02-28 17:01:59,1366071159444426755,"{'neg': 0.136, 'neu': 0.802, 'pos': 0.061, 'compound': -0.5514}","['got', 'stuck', 'literally', 'worst', 'ships', 'teen', 'tv', 'history', 'rvd', 'four', 'seasons', 'imagine', 'barchie', 'veggie', 'jeronica', 'main', 'couples', 'start', 'show', 'seems', 'better']",got stuck literally worst ships teen tv history rvd four seasons imagine barchie veggie jeronica main couples start show seems better
"@victoria106__ If Ted said we would have more scenes of J and V! Why do they insist on recording Vachie scenes?  It is useless for them to continue to insist on these couples. @WriterRAS  Jeronica has so much potential! And you are wasting it. I say again, this is not what we want. https://t.co/3HeMAYgAwi",False,en,1,0,2021-02-28 16:51:25,1366068501425893380,"{'neg': 0.13, 'neu': 0.87, 'pos': 0.0, 'compound': -0.7435}","['ted', 'said', 'would', 'scenes', 'j', 'v', 'insist', 'recording', 'vachie', 'scenes', 'useless', 'continue', 'insist', 'couples', 'jeronica', 'much', 'potential', 'wasting', 'say', 'want']",ted said would scenes j v insist recording vachie scenes useless continue insist couples jeronica much potential wasting say want
"@victoria106__ @imaginebarchie I hope he said a truth in a good sense, for the fandom Jeronica https://t.co/8YhuVpNCGO",False,en,4,1,2021-02-28 16:43:11,1366066430249213953,"{'neg': 0.0, 'neu': 0.576, 'pos': 0.424, 'compound': 0.7964}","['hope', 'said', 'truth', 'good', 'sense', 'fandom', 'jeronica']",hope said truth good sense fandom jeronica
#Jeronica needs a chance https://t.co/HfIfg3qkSZ,False,en,15,3,2021-02-28 16:36:30,1366064748098322434,"{'neg': 0.0, 'neu': 0.6, 'pos': 0.4, 'compound': 0.25}","['jeronica', 'needs', 'chance']",jeronica needs chance
jugtabitharonnie trio where veronica and tabitha connect over their struggle in trying to decide if they‚Äôre pops girls or mias girls and jeronica connect over replicating their parents and they all solve mysteries together and have fun &lt;3 I‚ÄôVE CONNECTED THE DOTS,False,en,11,1,2021-02-28 16:20:21,1366060682085597189,"{'neg': 0.05, 'neu': 0.841, 'pos': 0.11, 'compound': 0.4215}","['jugtabitharonnie', 'trio', 'veronica', 'tabitha', 'connect', 'struggle', 'trying', 'decide', 'pops', 'girls', 'mias', 'girls', 'jeronica', 'connect', 'replicating', 'parents', 'solve', 'mysteries', 'together', 'fun', 'lt', '3', 'connected', 'dots']",jugtabitharonnie trio veronica tabitha connect struggle trying decide pops girls mias girls jeronica connect replicating parents solve mysteries together fun lt 3 connected dots
the bechdel test but it‚Äôs jeronica having a conversation that isn‚Äôt about betty or archie,False,en,11,1,2021-02-28 15:32:16,1366048581833134083,"{'neg': 0.0, 'neu': 1.0, 'pos': 0.0, 'compound': 0.0}","['bechdel', 'test', 'jeronica', 'conversation', 'betty', 'archie']",bechdel test jeronica conversation betty archie
the jeronica kiss scene is so funny literally what was going on in that scene,False,en,4,0,2021-02-28 15:27:15,1366047318487822336,"{'neg': 0.0, 'neu': 0.665, 'pos': 0.335, 'compound': 0.7609}","['jeronica', 'kiss', 'scene', 'funny', 'literally', 'going', 'scene']",jeronica kiss scene funny literally going scene
"@ShellyLahey I can't seem to like them both in a romantic relationship, when in fact the writers should enjoy Jeronica's chemistry! for me, Tabitha and Jugh should be good friends https://t.co/JetirvYl9N",False,en,2,0,2021-02-28 13:59:01,1366025113016098816,"{'neg': 0.055, 'neu': 0.627, 'pos': 0.318, 'compound': 0.8774}","['seem', 'like', 'romantic', 'relationship', 'fact', 'writers', 'enjoy', 'jeronica', 'chemistry', 'tabitha', 'jugh', 'good', 'friends']",seem like romantic relationship fact writers enjoy jeronica chemistry tabitha jugh good friends
"my biggest endgame losses literally hassandra, danamy, jonerys, braime, dair, quinncarrie, mergana, stevenat, katjustin, scira, jeronica, phoney, jolaurie, thomesa, wolfstar, jily, simongrace, sansaery, theonsa, bella, wallie, missworm, falice",False,en,7,0,2021-02-28 12:05:27,1365996533884145667,"{'neg': 0.091, 'neu': 0.909, 'pos': 0.0, 'compound': -0.4019}","['biggest', 'endgame', 'losses', 'literally', 'hassandra', 'danamy', 'jonerys', 'braime', 'dair', 'quinncarrie', 'mergana', 'stevenat', 'katjustin', 'scira', 'jeronica', 'phoney', 'jolaurie', 'thomesa', 'wolfstar', 'jily', 'simongrace', 'sansaery', 'theonsa', 'bella', 'wallie', 'missworm', 'falice']",biggest endgame losses literally hassandra danamy jonerys braime dair quinncarrie mergana stevenat katjustin scira jeronica phoney jolaurie thomesa wolfstar jily simongrace sansaery theonsa bella wallie missworm falice
"I tried as hard as I could but if there's no jeronica I'm out, I have other series to watch",False,en,0,0,2021-02-28 11:17:39,1365984506960830466,"{'neg': 0.211, 'neu': 0.789, 'pos': 0.0, 'compound': -0.4588}","['tried', 'hard', 'could', 'jeronica', 'series', 'watch']",tried hard could jeronica series watch
@lancesnarts Always jeronica üíö,False,en,0,0,2021-02-28 10:16:58,1365969232744349696,"{'neg': 0.0, 'neu': 1.0, 'pos': 0.0, 'compound': 0.0}","['always', 'jeronica']",always jeronica
"fuck barchie , bighead , Archie , jeronica ship beronica.",False,en,2,0,2021-02-28 08:55:03,1365948618054635521,"{'neg': 0.368, 'neu': 0.632, 'pos': 0.0, 'compound': -0.5423}","['fuck', 'barchie', 'bighead', 'archie', 'jeronica', 'ship', 'beronica']",fuck barchie bighead archie jeronica ship beronica
"RT @barcheated: Good day for jeronica nation

https://t.co/gzAD02o44Y",False,en,0,1,2021-02-28 08:43:34,1365945727915089920,"{'neg': 0.0, 'neu': 0.707, 'pos': 0.293, 'compound': 0.4404}","['good', 'day', 'jeronica', 'nation']",good day jeronica nation
"RT @imaginebarchie: my bestie, barchies this is to bring to your attention that I very recently discovered Jeronica could be amazing ,they'‚Ä¶",False,en,0,3,2021-02-28 08:08:44,1365936961605820416,"{'neg': 0.0, 'neu': 0.84, 'pos': 0.16, 'compound': 0.5859}","['bestie', 'barchies', 'bring', 'attention', 'recently', 'discovered', 'jeronica', 'could', 'amazing']",bestie barchies bring attention recently discovered jeronica could amazing
@spott3d If they actually went to go to Pops then we would've of have some Jeronica crumbs right at the moment ughhh fuck Chad!!! üò©  #jeronica,False,en,4,0,2021-02-28 06:34:05,1365913142157574144,"{'neg': 0.154, 'neu': 0.846, 'pos': 0.0, 'compound': -0.6571}","['actually', 'went', 'go', 'pops', 'would', 'jeronica', 'crumbs', 'right', 'moment', 'ughhh', 'fuck', 'chad', 'jeronica']",actually went go pops would jeronica crumbs right moment ughhh fuck chad jeronica
"RT @SJEarthquakes: There's something special brewing in San Jose. 

This week in ""Our City, Our Stories,"" we're highlighting our friends at‚Ä¶",False,en,0,8,2021-02-28 06:29:06,1365911891416133632,"{'neg': 0.0, 'neu': 0.766, 'pos': 0.234, 'compound': 0.7003}","['something', 'special', 'brewing', 'san', 'jose', 'week', 'city', 'stories', 'highlighting', 'friends']",something special brewing san jose week city stories highlighting friends
Jeronica is in the fucking top ten???? Aaaaah! https://t.co/8VkVL1rxmP,True,en,1,0,2021-02-28 06:18:26,1365909203815079937,"{'neg': 0.0, 'neu': 0.705, 'pos': 0.295, 'compound': 0.5179}","['jeronica', 'fucking', 'top', 'ten', 'aaaaah']",jeronica fucking top ten aaaaah
"@archiebettyOTP @EriVeronica @colesprouse @RiverdaleWriter I really like this couple, but I also really like jeronica and I'm like Veronica with tabithaüò≠üò≠üò≠",False,en,1,0,2021-02-27 23:41:42,1365809365400264707,"{'neg': 0.0, 'neu': 0.633, 'pos': 0.367, 'compound': 0.851}","['really', 'like', 'couple', 'also', 'really', 'like', 'jeronica', 'like', 'veronica', 'tabitha']",really like couple also really like jeronica like veronica tabitha
@nymonologue setting up a bot to vote for jeronica because its a lesbian couple,False,en,3,0,2021-02-27 23:17:05,1365803170912436227,"{'neg': 0.0, 'neu': 1.0, 'pos': 0.0, 'compound': 0.0}","['setting', 'bot', 'vote', 'jeronica', 'lesbian', 'couple']",setting bot vote jeronica lesbian couple
"RT @melanie_joness: All I ask, please, more scenes jeronica @WriterRAS #vughead #jeronica",False,en,0,4,2021-02-27 22:23:10,1365789599688179712,"{'neg': 0.0, 'neu': 0.813, 'pos': 0.187, 'compound': 0.3182}","['ask', 'please', 'scenes', 'jeronica', 'vughead', 'jeronica']",ask please scenes jeronica vughead jeronica
@chonistan420 wait when did u join rvd twitter? i was a bh in s1 but dropped them by s2 and replaced them with jeronica and cheronica and at this point i wanted betty dead i had a personal vendetta against her so i didn‚Äôt want her with anyone. and now i‚Äôm a jarchie wow we have all come so far,False,en,2,0,2021-02-27 21:48:47,1365780947413721096,"{'neg': 0.095, 'neu': 0.767, 'pos': 0.138, 'compound': 0.1822}","['wait', 'u', 'join', 'rvd', 'twitter', 'bh', 's1', 'dropped', 's2', 'replaced', 'jeronica', 'cheronica', 'point', 'wanted', 'betty', 'dead', 'personal', 'vendetta', 'want', 'anyone', 'jarchie', 'wow', 'come', 'far']",wait u join rvd twitter bh s1 dropped s2 replaced jeronica cheronica point wanted betty dead personal vendetta want anyone jarchie wow come far
once a jeronica always a jeronica... oh you‚Äôre in my veins and i cannot get you outüíî,False,en,0,0,2021-02-27 21:25:24,1365775063295942658,"{'neg': 0.0, 'neu': 1.0, 'pos': 0.0, 'compound': 0.0}","['jeronica', 'always', 'jeronica', 'oh', 'veins', 'cannot', 'get']",jeronica always jeronica oh veins cannot get
cant stop watching riverdale through a jeronica lens... yes i noticed that jughead and veronica were wearing very similar glasses this ep and similar outfits in one scene yes i held my breath to see if jughead would say veronica‚Äôs name in the pops scene w archie,False,en,0,0,2021-02-27 21:25:24,1365775061853106181,"{'neg': 0.0, 'neu': 0.846, 'pos': 0.154, 'compound': 0.7421}","['cant', 'stop', 'watching', 'riverdale', 'jeronica', 'lens', 'yes', 'noticed', 'jughead', 'veronica', 'wearing', 'similar', 'glasses', 'ep', 'similar', 'outfits', 'one', 'scene', 'yes', 'held', 'breath', 'see', 'jughead', 'would', 'say', 'veronica', 'name', 'pops', 'scene', 'w', 'archie']",cant stop watching riverdale jeronica lens yes noticed jughead veronica wearing similar glasses ep similar outfits one scene yes held breath see jughead would say veronica name pops scene w archie
JERONICA MAKING TOO TEN??? https://t.co/sRericSYfR https://t.co/cwfIu0mgoq,True,en,5,0,2021-02-27 20:32:03,1365761637060382722,"{'neg': 0.0, 'neu': 1.0, 'pos': 0.0, 'compound': 0.0}","['jeronica', 'making', 'ten']",jeronica making ten
RT @ShellyLahey: jeronica‚Äôs a part of this omg JERONICA‚ÄôS GO VOTE,True,en,0,4,2021-02-27 20:16:40,1365757764270751745,"{'neg': 0.0, 'neu': 1.0, 'pos': 0.0, 'compound': 0.0}","['jeronica', 'part', 'omg', 'jeronica', 'go', 'vote']",jeronica part omg jeronica go vote
@BlaineandArchie Im reggieronnie &gt; jeronica if it makes you feel better but I will not sit here and lie and say j and v don't have chemistry,False,en,0,0,2021-02-27 20:12:40,1365756759705604099,"{'neg': 0.0, 'neu': 0.922, 'pos': 0.078, 'compound': 0.2382}","['im', 'reggieronnie', 'gt', 'jeronica', 'makes', 'feel', 'better', 'sit', 'lie', 'say', 'j', 'v', 'chemistry']",im reggieronnie gt jeronica makes feel better sit lie say j v chemistry
when jeronica beat varchie i knew this was going to be wrong https://t.co/dDLyiykwcg,True,en,3,0,2021-02-27 20:11:29,1365756462249758724,"{'neg': 0.22, 'neu': 0.78, 'pos': 0.0, 'compound': -0.4767}","['jeronica', 'beat', 'varchie', 'knew', 'going', 'wrong']",jeronica beat varchie knew going wrong
"Good day for jeronica nation

https://t.co/gzAD02o44Y",False,en,4,1,2021-02-27 20:08:29,1365755704364175365,"{'neg': 0.0, 'neu': 0.633, 'pos': 0.367, 'compound': 0.4404}","['good', 'day', 'jeronica', 'nation']",good day jeronica nation
if jeronica is only 1.4% of the votes how much of the votes  did choni get‚Ä¶,False,en,0,0,2021-02-27 20:07:50,1365755544527642629,"{'neg': 0.0, 'neu': 1.0, 'pos': 0.0, 'compound': 0.0}","['jeronica', '1', '4', 'votes', 'much', 'votes', 'choni', 'get']",jeronica 1 4 votes much votes choni get
JERONICA GETTING HIGHER THAN VARCHIE????? how the turn tables... https://t.co/5cvW3ZmT1e,True,en,8,0,2021-02-27 20:07:09,1365755370052874240,"{'neg': 0.0, 'neu': 1.0, 'pos': 0.0, 'compound': 0.0}","['jeronica', 'getting', 'higher', 'varchie', 'turn', 'tables']",jeronica getting higher varchie turn tables
jeronica fans deserve jail time https://t.co/U05PEAe8nU,True,en,9,0,2021-02-27 20:06:37,1365755236120481796,"{'neg': 0.0, 'neu': 1.0, 'pos': 0.0, 'compound': 0.0}","['jeronica', 'fans', 'deserve', 'jail', 'time']",jeronica fans deserve jail time
how did jeronica get more votes than varchie?? what happened?? https://t.co/fFJ6IT6LWe,True,en,1,0,2021-02-27 20:06:34,1365755225605353476,"{'neg': 0.0, 'neu': 1.0, 'pos': 0.0, 'compound': 0.0}","['jeronica', 'get', 'votes', 'varchie', 'happened']",jeronica get votes varchie happened
"There's something special brewing in San Jose. 

This week in ""Our City, Our Stories,"" we're highlighting our friends at @NirvanaSoulSJ in the SoFa District. 

Co-founders Jeronica and Be‚ÄôAnka hope to bring people together through the power of coffee and tea.",False,en,59,8,2021-02-27 20:00:01,1365753574555148288,"{'neg': 0.0, 'neu': 0.81, 'pos': 0.19, 'compound': 0.8271}","['something', 'special', 'brewing', 'san', 'jose', 'week', 'city', 'stories', 'highlighting', 'friends', 'sofa', 'district', 'co', 'founders', 'jeronica', 'anka', 'hope', 'bring', 'people', 'together', 'power', 'coffee', 'tea']",something special brewing san jose week city stories highlighting friends sofa district co founders jeronica anka hope bring people together power coffee tea
"my bestie, barchies this is to bring to your attention that I very recently discovered Jeronica could be amazing ,they've never had enough screen time so if something like that were to happen it would just be out of the blue and epic .
think about it ,for real !!!!!",False,en,19,3,2021-02-27 19:20:33,1365743644779507713,"{'neg': 0.0, 'neu': 0.856, 'pos': 0.144, 'compound': 0.8286}","['bestie', 'barchies', 'bring', 'attention', 'recently', 'discovered', 'jeronica', 'could', 'amazing', 'never', 'enough', 'screen', 'time', 'something', 'like', 'happen', 'would', 'blue', 'epic', 'think', 'real']",bestie barchies bring attention recently discovered jeronica could amazing never enough screen time something like happen would blue epic think real
"@archiebettyOTP @barchiesdreams @EriVeronica @colesprouse @RiverdaleWriter jughead does not pay any attention to her !!!! or  veronica for that matter but I ship him with both , helppppppp!!!!! why don't we have any Jeronica scenes it's not fair ajdjwjjfkdkekf",False,en,2,0,2021-02-27 19:04:00,1365739480200581122,"{'neg': 0.093, 'neu': 0.85, 'pos': 0.057, 'compound': -0.5288}","['jughead', 'pay', 'attention', 'veronica', 'matter', 'ship', 'helppppppp', 'jeronica', 'scenes', 'fair', 'ajdjwjjfkdkekf']",jughead pay attention veronica matter ship helppppppp jeronica scenes fair ajdjwjjfkdkekf
"RT @archiebettyOTP: I will always &amp; forever be a Jeronica Stan but I gotta be honest, I'm falling in love with these two! https://t.co/POni‚Ä¶",False,en,0,1,2021-02-27 19:01:05,1365738745635471370,"{'neg': 0.062, 'neu': 0.591, 'pos': 0.346, 'compound': 0.892}","['always', 'amp', 'forever', 'jeronica', 'stan', 'gotta', 'honest', 'falling', 'love', 'two']",always amp forever jeronica stan gotta honest falling love two
barchie this barchie that what about jeronica two sides of the same coin dair-esque arc. huh?,False,en,1,0,2021-02-27 18:15:23,1365727242677018627,"{'neg': 0.0, 'neu': 1.0, 'pos': 0.0, 'compound': 0.0}","['barchie', 'barchie', 'jeronica', 'two', 'sides', 'coin', 'dair', 'esque', 'arc', 'huh']",barchie barchie jeronica two sides coin dair esque arc huh
"I will always &amp; forever be a Jeronica Stan but I gotta be honest, I'm falling in love with these two! https://t.co/POni8uDT8Q",False,en,34,1,2021-02-27 18:05:16,1365724697657290752,"{'neg': 0.067, 'neu': 0.563, 'pos': 0.371, 'compound': 0.892}","['always', 'amp', 'forever', 'jeronica', 'stan', 'gotta', 'honest', 'falling', 'love', 'two']",always amp forever jeronica stan gotta honest falling love two
the way archie goes absolutely feral after jeronica kiss like??????,False,en,0,0,2021-02-27 17:59:46,1365723313134256130,"{'neg': 0.0, 'neu': 0.705, 'pos': 0.295, 'compound': 0.5803}","['way', 'archie', 'goes', 'absolutely', 'feral', 'jeronica', 'kiss', 'like']",way archie goes absolutely feral jeronica kiss like
RT @sexitopaz: I need more jeronica besties.,False,en,0,1,2021-02-27 17:20:59,1365713553253150723,"{'neg': 0.0, 'neu': 1.0, 'pos': 0.0, 'compound': 0.0}","['need', 'jeronica', 'besties']",need jeronica besties
The only Romeo and Juliet ships are Choni and Jeronica I‚Äî https://t.co/NoAK0iZhs3,True,en,3,0,2021-02-27 17:15:56,1365712282857037826,"{'neg': 0.0, 'neu': 1.0, 'pos': 0.0, 'compound': 0.0}","['romeo', 'juliet', 'ships', 'choni', 'jeronica']",romeo juliet ships choni jeronica
RT @ShellyLahey: jeronica‚Äôs a part of this omg JERONICA‚ÄôS GO VOTE https://t.co/UFzZSa3MhS,True,en,0,4,2021-02-27 17:05:43,1365709712797425666,"{'neg': 0.0, 'neu': 1.0, 'pos': 0.0, 'compound': 0.0}","['jeronica', 'part', 'omg', 'jeronica', 'go', 'vote']",jeronica part omg jeronica go vote
jeronica‚Äôs a part of this omg JERONICA‚ÄôS GO VOTE https://t.co/UFzZSa3MhS,True,en,8,4,2021-02-27 17:03:01,1365709030086373377,"{'neg': 0.0, 'neu': 1.0, 'pos': 0.0, 'compound': 0.0}","['jeronica', 'part', 'omg', 'jeronica', 'go', 'vote']",jeronica part omg jeronica go vote
I need more jeronica besties.,False,en,4,1,2021-02-27 15:19:32,1365682990173458432,"{'neg': 0.0, 'neu': 1.0, 'pos': 0.0, 'compound': 0.0}","['need', 'jeronica', 'besties']",need jeronica besties
"RT @VugheadForever: Even if Riverdale ends without Jeronica and absolutely nothing about them, I will never stop thinking that they would h‚Ä¶",False,en,0,4,2021-02-27 13:49:06,1365660231016079360,"{'neg': 0.0, 'neu': 0.914, 'pos': 0.086, 'compound': 0.2235}","['even', 'riverdale', 'ends', 'without', 'jeronica', 'absolutely', 'nothing', 'never', 'stop', 'thinking', 'would', 'h']",even riverdale ends without jeronica absolutely nothing never stop thinking would h
"RT @_patersons: why are the riverdale writers so scared to let jughead and veronica interact, seriously? the time jump + barchie was the pe‚Ä¶",False,en,0,15,2021-02-27 08:02:00,1365572879270739968,"{'neg': 0.206, 'neu': 0.794, 'pos': 0.0, 'compound': -0.6642}","['patersons', 'riverdale', 'writers', 'scared', 'let', 'jughead', 'veronica', 'interact', 'seriously', 'time', 'jump', 'barchie', 'pe']",patersons riverdale writers scared let jughead veronica interact seriously time jump barchie pe
@ThatNiggaAFool @Tiffernayyyyy @ceraliza You Jeronica‚Äòs?,False,en,10,0,2021-02-27 03:39:13,1365506747826376707,"{'neg': 0.0, 'neu': 1.0, 'pos': 0.0, 'compound': 0.0}",['jeronica'],jeronica
RT @VugheadForever: @azalben @decider I NEED JERONICA https://t.co/SCWk8kcwwU,False,en,0,1,2021-02-27 02:15:12,1365485605753389057,"{'neg': 0.0, 'neu': 1.0, 'pos': 0.0, 'compound': 0.0}","['need', 'jeronica']",need jeronica
"This show is making me miss one of the best Jeronica fics, The Ward and her Protector",False,en,0,0,2021-02-27 01:31:50,1365474693369618432,"{'neg': 0.077, 'neu': 0.721, 'pos': 0.202, 'compound': 0.5574}","['show', 'making', 'miss', 'one', 'best', 'jeronica', 'fics', 'ward', 'protector']",show making miss one best jeronica fics ward protector
@CW_Riverdale snyways give me some Jeronica crumbs https://t.co/UDZiueF2f9,False,en,5,0,2021-02-27 01:02:30,1365467309637332996,"{'neg': 0.0, 'neu': 1.0, 'pos': 0.0, 'compound': 0.0}","['snyways', 'give', 'jeronica', 'crumbs']",snyways give jeronica crumbs
Jughead said on S3x11 referring to Veronica ‚ÄúA hell of a good looking one was about to walk through my door‚Äù... I think the writers would‚Äôve taken their storyline in a more joint manner if fans got as excited by that as they do by Barchie crumbs lol #Barchie #Jeronica #Riverdale,False,en,6,0,2021-02-27 01:00:01,1365466684983771136,"{'neg': 0.081, 'neu': 0.776, 'pos': 0.143, 'compound': 0.3612}","['jughead', 'said', 's3x11', 'referring', 'veronica', 'hell', 'good', 'looking', 'one', 'walk', 'door', 'think', 'writers', 'would', 'taken', 'storyline', 'joint', 'manner', 'fans', 'got', 'excited', 'barchie', 'crumbs', 'lol', 'barchie', 'jeronica', 'riverdale']",jughead said s3x11 referring veronica hell good looking one walk door think writers would taken storyline joint manner fans got excited barchie crumbs lol barchie jeronica riverdale
Omg I never noticed her thumb caressing his üòçüòçüòçüíïüíï #jeronica #Riverdale #vughead https://t.co/vZWWhulIFu,True,en,10,1,2021-02-27 00:41:29,1365462022540861444,"{'neg': 0.0, 'neu': 1.0, 'pos': 0.0, 'compound': 0.0}","['omg', 'never', 'noticed', 'thumb', 'caressing', 'jeronica', 'riverdale', 'vughead']",omg never noticed thumb caressing jeronica riverdale vughead
i just remembered when i was a jeronica and fred first got shot and the core four all group hugged archie i was like ‚Äúveronica and jughead have their arms around each other they‚Äôre touching wow this is how i win‚Äù üò≠üò≠ like... his dad is in critical condition in the hospital,False,en,18,0,2021-02-26 23:52:49,1365449775127146500,"{'neg': 0.042, 'neu': 0.792, 'pos': 0.166, 'compound': 0.7717}","['remembered', 'jeronica', 'fred', 'first', 'got', 'shot', 'core', 'four', 'group', 'hugged', 'archie', 'like', 'veronica', 'jughead', 'arms', 'around', 'touching', 'wow', 'win', 'like', 'dad', 'critical', 'condition', 'hospital']",remembered jeronica fred first got shot core four group hugged archie like veronica jughead arms around touching wow win like dad critical condition hospital
@azalben @decider I NEED JERONICA https://t.co/SCWk8kcwwU,False,en,2,1,2021-02-26 22:24:24,1365427523367165953,"{'neg': 0.0, 'neu': 1.0, 'pos': 0.0, 'compound': 0.0}","['need', 'jeronica']",need jeronica
RT @mydairjeronica: JERONICA IN GLASSES üò≠üò≠üò≠ my myopic babies https://t.co/vCSzm7v37w,False,en,0,31,2021-02-26 16:28:54,1365338059324153861,"{'neg': 0.0, 'neu': 1.0, 'pos': 0.0, 'compound': 0.0}","['jeronica', 'glasses', 'myopic', 'babies']",jeronica glasses myopic babies
"As much as I like Varchie, I adore the idea of Vughead (or is it Jeronica?) more. And hoping that plot twist will actually happen someday! üòÉü§©üòä 
#Riverdale #fangirl https://t.co/Gvl0M2NohS",False,en,27,2,2021-02-26 13:15:20,1365289346174046210,"{'neg': 0.0, 'neu': 0.725, 'pos': 0.275, 'compound': 0.858}","['much', 'like', 'varchie', 'adore', 'idea', 'vughead', 'jeronica', 'hoping', 'plot', 'twist', 'actually', 'happen', 'someday', 'riverdale', 'fangirl']",much like varchie adore idea vughead jeronica hoping plot twist actually happen someday riverdale fangirl
When Jeronica is given their chance and this happens I‚Äôll sob https://t.co/Kvnirn4tdP,True,en,9,0,2021-02-26 06:53:20,1365193213607223296,"{'neg': 0.143, 'neu': 0.714, 'pos': 0.143, 'compound': 0.0}","['jeronica', 'given', 'chance', 'happens', 'sob']",jeronica given chance happens sob
@CW_Riverdale I NEED MY JERONICA CRUMBS https://t.co/mDXRxnyIGh,False,en,8,0,2021-02-26 01:20:33,1365109463464763394,"{'neg': 0.0, 'neu': 1.0, 'pos': 0.0, 'compound': 0.0}","['need', 'jeronica', 'crumbs']",need jeronica crumbs
i want to be a writer for riverdale just to pitch the idea of veronica dating cheryl and bffs jeronica every week,False,en,1,0,2021-02-26 00:22:42,1365094905161412608,"{'neg': 0.0, 'neu': 0.936, 'pos': 0.064, 'compound': 0.0772}","['want', 'writer', 'riverdale', 'pitch', 'idea', 'veronica', 'dating', 'cheryl', 'bffs', 'jeronica', 'every', 'week']",want writer riverdale pitch idea veronica dating cheryl bffs jeronica every week
"Because the writers always answer the questions related to absolutely every ship except Jeronica's. Is it a good sign? Would they want to surprise us?
Or maybe they don't care about the couple and some kind of rapprochement between them is impossible.
I don't know.",False,en,11,0,2021-02-25 23:46:45,1365085861042417668,"{'neg': 0.054, 'neu': 0.808, 'pos': 0.138, 'compound': 0.4646}","['writers', 'always', 'answer', 'questions', 'related', 'absolutely', 'every', 'ship', 'except', 'jeronica', 'good', 'sign', 'would', 'want', 'surprise', 'us', 'maybe', 'care', 'couple', 'kind', 'rapprochement', 'impossible', 'know']",writers always answer questions related absolutely every ship except jeronica good sign would want surprise us maybe care couple kind rapprochement impossible know
RT @VugheadForever: @azalben I don't understand why all the boats got on board except Jeronica. What do they have against them? Opposites a‚Ä¶,False,en,0,1,2021-02-25 22:34:25,1365067656668323847,"{'neg': 0.0, 'neu': 1.0, 'pos': 0.0, 'compound': 0.0}","['understand', 'boats', 'got', 'board', 'except', 'jeronica', 'opposites']",understand boats got board except jeronica opposites
@azalben I don't understand why all the boats got on board except Jeronica. What do they have against them? Opposites attract. https://t.co/aGSW9QHjJq,False,en,33,1,2021-02-25 21:33:04,1365052217963798528,"{'neg': 0.0, 'neu': 0.889, 'pos': 0.111, 'compound': 0.3612}","['understand', 'boats', 'got', 'board', 'except', 'jeronica', 'opposites', 'attract']",understand boats got board except jeronica opposites attract
Tbh I really don't care if Barchie happens or not 'cause I never shipped bughead &lt;&lt;&lt; Vughead/Jeronica,False,en,1,0,2021-02-25 21:31:19,1365051774206435332,"{'neg': 0.172, 'neu': 0.828, 'pos': 0.0, 'compound': -0.4416}","['tbh', 'really', 'care', 'barchie', 'happens', 'cause', 'never', 'shipped', 'bughead', 'lt', 'lt', 'lt', 'vughead', 'jeronica']",tbh really care barchie happens cause never shipped bughead lt lt lt vughead jeronica
Excuse me- where is this Jeronica coming from?!? That‚Äôs a ship I don‚Äôt think I can get used to #Riverdale,False,en,0,0,2021-02-25 20:49:07,1365041155742834692,"{'neg': 0.0, 'neu': 0.891, 'pos': 0.109, 'compound': 0.2387}","['excuse', 'jeronica', 'coming', 'ship', 'think', 'get', 'used', 'riverdale']",excuse jeronica coming ship think get used riverdale
@RiverdaleWriter @cmaroon @nocontextrvd Will we have jeronica/Vughead friendship or more?,False,en,2,0,2021-02-25 18:52:46,1365011876007018509,"{'neg': 0.0, 'neu': 0.756, 'pos': 0.244, 'compound': 0.4404}","['jeronica', 'vughead', 'friendship']",jeronica vughead friendship
I don‚Äôt think y‚Äôall understand... I be getting so hyped for the episodes thinking in the back of my head that there is hope for a Jeronica scene and then getting disappointed when it doesn‚Äôt happen... KNOWING it won‚Äôt happenüò≠,False,en,10,0,2021-02-25 18:39:42,1365008588385751046,"{'neg': 0.076, 'neu': 0.854, 'pos': 0.071, 'compound': -0.0516}","['think', 'understand', 'getting', 'hyped', 'episodes', 'thinking', 'back', 'head', 'hope', 'jeronica', 'scene', 'getting', 'disappointed', 'happen', 'knowing', 'happen']",think understand getting hyped episodes thinking back head hope jeronica scene getting disappointed happen knowing happen
@RiverdaleWriter @cmaroon @nocontextrvd Talk about Jeronica,False,en,3,0,2021-02-25 18:31:16,1365006465539448837,"{'neg': 0.0, 'neu': 1.0, 'pos': 0.0, 'compound': 0.0}","['talk', 'jeronica']",talk jeronica
RT @mydairjeronica: jughead in a conversation that brought up veronica is a jeronica crumb #Riverdale,False,en,0,2,2021-02-25 18:25:07,1365004915202871300,"{'neg': 0.0, 'neu': 1.0, 'pos': 0.0, 'compound': 0.0}","['jughead', 'conversation', 'brought', 'veronica', 'jeronica', 'crumb', 'riverdale']",jughead conversation brought veronica jeronica crumb riverdale
"‚Äúthe town was drowning in problems, and a hell of a good-looking one was about to walk through my door‚Äù
*veronica walks in*
no like jeronica endgame I‚Äôm so serious",False,en,0,0,2021-02-25 18:21:24,1365003981781676036,"{'neg': 0.306, 'neu': 0.626, 'pos': 0.068, 'compound': -0.829}","['town', 'drowning', 'problems', 'hell', 'good', 'looking', 'one', 'walk', 'door', 'veronica', 'walks', 'like', 'jeronica', 'endgame', 'serious']",town drowning problems hell good looking one walk door veronica walks like jeronica endgame serious
I need Jeronica moots,False,en,0,0,2021-02-25 18:18:37,1365003280649236481,"{'neg': 0.0, 'neu': 1.0, 'pos': 0.0, 'compound': 0.0}","['need', 'jeronica', 'moots']",need jeronica moots
@VugheadForever @azalben I think Jug will be together with Tabitha for at least a season. I was confindent that we will se Jeronica after the timeskip but now they interact even less than beforeüòÇ,False,en,2,0,2021-02-25 13:17:25,1364927481019514884,"{'neg': 0.0, 'neu': 1.0, 'pos': 0.0, 'compound': 0.0}","['think', 'jug', 'together', 'tabitha', 'least', 'season', 'confindent', 'se', 'jeronica', 'timeskip', 'interact', 'even', 'less']",think jug together tabitha least season confindent se jeronica timeskip interact even less
"If the writers were smart,, they‚Äôd make Jeronica a couple bcuz they‚Äôre the only het ship worth something in this show . #Riverdale",False,en,2,0,2021-02-25 12:04:28,1364909122685202433,"{'neg': 0.0, 'neu': 0.913, 'pos': 0.087, 'compound': 0.2263}","['writers', 'smart', 'make', 'jeronica', 'couple', 'bcuz', 'het', 'ship', 'worth', 'something', 'show', 'riverdale']",writers smart make jeronica couple bcuz het ship worth something show riverdale
Jeronica would be the only ship with intelligence and meaning along with Choni tbfh cuz Barchie has thick as shit Archie wit Betty‚Äôs slutty ass #Riverdale,False,en,102,0,2021-02-25 11:19:33,1364897819463712770,"{'neg': 0.293, 'neu': 0.62, 'pos': 0.087, 'compound': -0.8074}","['jeronica', 'would', 'ship', 'intelligence', 'meaning', 'along', 'choni', 'tbfh', 'cuz', 'barchie', 'thick', 'shit', 'archie', 'wit', 'betty', 'slutty', 'ass', 'riverdale']",jeronica would ship intelligence meaning along choni tbfh cuz barchie thick shit archie wit betty slutty ass riverdale
RT @my_kindreds: So when is jeronica hapeening thats the question #Riverdale https://t.co/YwHViRIY8p,False,en,0,2,2021-02-25 08:01:17,1364847922399993860,"{'neg': 0.0, 'neu': 1.0, 'pos': 0.0, 'compound': 0.0}","['jeronica', 'hapeening', 'thats', 'question', 'riverdale']",jeronica hapeening thats question riverdale
I love the bickering between Cami and Cole! On screen or off these 2 are great together #jeronica #Riverdale #vughead https://t.co/k0lTcGkAV4,False,en,14,2,2021-02-25 07:48:40,1364844749614505988,"{'neg': 0.0, 'neu': 0.664, 'pos': 0.336, 'compound': 0.8622}","['love', 'bickering', 'cami', 'cole', 'screen', '2', 'great', 'together', 'jeronica', 'riverdale', 'vughead']",love bickering cami cole screen 2 great together jeronica riverdale vughead
am i the only one who wants jeronica/vughead revenge? #Riverdale,False,en,3,0,2021-02-25 05:48:27,1364814497735729159,"{'neg': 0.298, 'neu': 0.702, 'pos': 0.0, 'compound': -0.5267}","['one', 'wants', 'jeronica', 'vughead', 'revenge', 'riverdale']",one wants jeronica vughead revenge riverdale
"RT @VugheadForever: #Vughead #Jeronica #Riverdale 

Parallel: 5x01||5x06 https://t.co/5ysYfYhCcp",False,en,0,6,2021-02-25 05:24:37,1364808498115211264,"{'neg': 0.0, 'neu': 1.0, 'pos': 0.0, 'compound': 0.0}","['vughead', 'jeronica', 'riverdale', 'parallel', '5x01', '5x06']",vughead jeronica riverdale parallel 5x01 5x06
"All I ask, please, more scenes jeronica @WriterRAS #vughead #jeronica",False,en,26,4,2021-02-25 05:01:47,1364802752707190784,"{'neg': 0.0, 'neu': 0.777, 'pos': 0.223, 'compound': 0.3182}","['ask', 'please', 'scenes', 'jeronica', 'vughead', 'jeronica']",ask please scenes jeronica vughead jeronica
@medievaIswords are they trying to compare JERONICA to DAIR,False,en,2,0,2021-02-25 05:01:40,1364802723724611584,"{'neg': 0.0, 'neu': 1.0, 'pos': 0.0, 'compound': 0.0}","['trying', 'compare', 'jeronica', 'dair']",trying compare jeronica dair
RT @VugheadForever: I don't understand why all the boats got on board except Jeronica. What do they have against them? Opposites attract. #‚Ä¶,False,en,0,3,2021-02-25 04:35:59,1364796258628599810,"{'neg': 0.0, 'neu': 0.894, 'pos': 0.106, 'compound': 0.3612}","['understand', 'boats', 'got', 'board', 'except', 'jeronica', 'opposites', 'attract']",understand boats got board except jeronica opposites attract
RT @LaBella_Aria: These 2 together would unstoppable ‚ù§Ô∏è‚ù§Ô∏è#jeronica #vughead #Riverdale #RiverdaleSeason5 https://t.co/xi0eHwcyjY,False,en,0,19,2021-02-25 04:31:22,1364795096143642625,"{'neg': 0.153, 'neu': 0.847, 'pos': 0.0, 'compound': -0.2023}","['2', 'together', 'would', 'unstoppable', 'jeronica', 'vughead', 'riverdale', 'riverdaleseason5']",2 together would unstoppable jeronica vughead riverdale riverdaleseason5
@azalben I don't understand why all the boats got on board except Jeronica. What do they have against them? Opposites attract. https://t.co/WF3afmfNO5,False,en,26,3,2021-02-25 03:37:57,1364781654414266371,"{'neg': 0.0, 'neu': 0.889, 'pos': 0.111, 'compound': 0.3612}","['understand', 'boats', 'got', 'board', 'except', 'jeronica', 'opposites', 'attract']",understand boats got board except jeronica opposites attract
@greendalewitch and them referring to this as a MEAL??? they are starving god the writers would write jeronica scenes out of pity if they saw this,False,en,0,0,2021-02-25 02:56:57,1364771334451003393,"{'neg': 0.187, 'neu': 0.742, 'pos': 0.071, 'compound': -0.533}","['referring', 'meal', 'starving', 'god', 'writers', 'would', 'write', 'jeronica', 'scenes', 'pity', 'saw']",referring meal starving god writers would write jeronica scenes pity saw
Don‚Äôt worry when there‚Äôs a reboot later in life everyone will ship Jeronica like people did with Dair https://t.co/0vNTtWuyd4,True,en,12,0,2021-02-25 02:31:51,1364765018567311365,"{'neg': 0.136, 'neu': 0.748, 'pos': 0.117, 'compound': -0.1027}","['worry', 'reboot', 'later', 'life', 'everyone', 'ship', 'jeronica', 'like', 'people', 'dair']",worry reboot later life everyone ship jeronica like people dair
"Even if Riverdale ends without Jeronica and absolutely nothing about them, I will never stop thinking that they would have been a success and an incredible duo to appreciate. #jeronica #vughead #riverdale",False,en,19,4,2021-02-25 02:30:59,1364764803223474176,"{'neg': 0.0, 'neu': 0.765, 'pos': 0.235, 'compound': 0.8068}","['even', 'riverdale', 'ends', 'without', 'jeronica', 'absolutely', 'nothing', 'never', 'stop', 'thinking', 'would', 'success', 'incredible', 'duo', 'appreciate', 'jeronica', 'vughead', 'riverdale']",even riverdale ends without jeronica absolutely nothing never stop thinking would success incredible duo appreciate jeronica vughead riverdale
"@azalben Alex, can you say something about Jeronica? There are possibilities or we are crazy drawing theories that do not exist. Give us an answer with all due respect. ü•∫üôè",False,en,15,0,2021-02-25 02:26:31,1364763677623214081,"{'neg': 0.072, 'neu': 0.836, 'pos': 0.093, 'compound': 0.1779}","['alex', 'say', 'something', 'jeronica', 'possibilities', 'crazy', 'drawing', 'theories', 'exist', 'give', 'us', 'answer', 'due', 'respect']",alex say something jeronica possibilities crazy drawing theories exist give us answer due respect
"I don't lose hope with Jeronica, but really feeding each episode with little crumbs is sad and annoys me. #jeronica #vughead #riverdale",False,en,8,0,2021-02-25 02:21:23,1364762385857273857,"{'neg': 0.33, 'neu': 0.612, 'pos': 0.059, 'compound': -0.819}","['lose', 'hope', 'jeronica', 'really', 'feeding', 'episode', 'little', 'crumbs', 'sad', 'annoys', 'jeronica', 'vughead', 'riverdale']",lose hope jeronica really feeding episode little crumbs sad annoys jeronica vughead riverdale
I don't understand why all the boats got on board except Jeronica. What do they have against them? Opposites attract. #Riverdale #jeronica #vughead,False,en,19,3,2021-02-25 02:19:37,1364761941965762569,"{'neg': 0.0, 'neu': 0.894, 'pos': 0.106, 'compound': 0.3612}","['understand', 'boats', 'got', 'board', 'except', 'jeronica', 'opposites', 'attract', 'riverdale', 'jeronica', 'vughead']",understand boats got board except jeronica opposites attract riverdale jeronica vughead
@azalben I don't understand why all the boats got on board except Jeronica. What do they have against them? Opposites attract. https://t.co/SGKtxHvwrV,False,en,16,0,2021-02-25 02:19:23,1364761880825323520,"{'neg': 0.0, 'neu': 0.889, 'pos': 0.111, 'compound': 0.3612}","['understand', 'boats', 'got', 'board', 'except', 'jeronica', 'opposites', 'attract']",understand boats got board except jeronica opposites attract
@azalben I don't understand why all the boats got on board except Jeronica. What do they have against them? Opposites attract. https://t.co/XryrO09BGQ,False,en,8,0,2021-02-25 02:19:14,1364761843470913547,"{'neg': 0.0, 'neu': 0.889, 'pos': 0.111, 'compound': 0.3612}","['understand', 'boats', 'got', 'board', 'except', 'jeronica', 'opposites', 'attract']",understand boats got board except jeronica opposites attract
@azalben I don't understand why all the boats got on board except Jeronica. What do they have against them? Opposites attract. https://t.co/HDN2TZ9Hk6,False,en,25,1,2021-02-25 02:19:03,1364761800483491841,"{'neg': 0.0, 'neu': 0.889, 'pos': 0.111, 'compound': 0.3612}","['understand', 'boats', 'got', 'board', 'except', 'jeronica', 'opposites', 'attract']",understand boats got board except jeronica opposites attract
@sclahspades jeronica stans going insane,False,en,1,0,2021-02-25 02:16:26,1364761141306654720,"{'neg': 0.403, 'neu': 0.597, 'pos': 0.0, 'compound': -0.4019}","['jeronica', 'stans', 'going', 'insane']",jeronica stans going insane
So when is jeronica hapeening thats the question #Riverdale https://t.co/YwHViRIY8p,False,en,6,2,2021-02-25 02:15:35,1364760924934955009,"{'neg': 0.0, 'neu': 1.0, 'pos': 0.0, 'compound': 0.0}","['jeronica', 'hapeening', 'thats', 'question', 'riverdale']",jeronica hapeening thats question riverdale
jughead in a conversation that brought up veronica is a jeronica crumb #Riverdale,False,en,17,2,2021-02-25 01:41:24,1364752325785567235,"{'neg': 0.0, 'neu': 1.0, 'pos': 0.0, 'compound': 0.0}","['jughead', 'conversation', 'brought', 'veronica', 'jeronica', 'crumb', 'riverdale']",jughead conversation brought veronica jeronica crumb riverdale
JERONICA IN GLASSES üò≠üò≠üò≠ my myopic babies https://t.co/vCSzm7v37w,False,en,212,31,2021-02-25 01:32:31,1364750087663071232,"{'neg': 0.0, 'neu': 1.0, 'pos': 0.0, 'compound': 0.0}","['jeronica', 'glasses', 'myopic', 'babies']",jeronica glasses myopic babies
"give me some Jeronica crumbs please!! üò©‚ù§Ô∏è
#Riverdale #jeronica",False,en,1,0,2021-02-25 00:58:09,1364741437825368072,"{'neg': 0.0, 'neu': 0.735, 'pos': 0.265, 'compound': 0.4374}","['give', 'jeronica', 'crumbs', 'please', 'riverdale', 'jeronica']",give jeronica crumbs please riverdale jeronica
RT @camiscrown: WE WANT JERONICA SHOWER SEX,False,en,0,6,2021-02-25 00:48:21,1364738974280019968,"{'neg': 0.0, 'neu': 0.747, 'pos': 0.253, 'compound': 0.2577}","['want', 'jeronica', 'shower', 'sex']",want jeronica shower sex
RT @RiverdaleRefer1: I am living for this crumb #jeronica https://t.co/xBjznxbSMt,False,en,0,5,2021-02-25 00:45:25,1364738235507818497,"{'neg': 0.0, 'neu': 1.0, 'pos': 0.0, 'compound': 0.0}","['living', 'crumb', 'jeronica']",living crumb jeronica
RT @ifyoutrustme: this is a win for the jeronica friendship community. in the second pic he looks amused he‚Äôs just like oh veronica singing‚Ä¶,True,en,0,1,2021-02-25 00:40:14,1364736932400558084,"{'neg': 0.0, 'neu': 0.613, 'pos': 0.387, 'compound': 0.9001}","['win', 'jeronica', 'friendship', 'community', 'second', 'pic', 'looks', 'amused', 'like', 'oh', 'veronica', 'singing']",win jeronica friendship community second pic looks amused like oh veronica singing
"#Vughead #Jeronica #Riverdale 

Parallel: 5x01||5x06 https://t.co/5ysYfYhCcp",False,en,30,6,2021-02-25 00:34:20,1364735444446019585,"{'neg': 0.0, 'neu': 1.0, 'pos': 0.0, 'compound': 0.0}","['vughead', 'jeronica', 'riverdale', 'parallel', '5x01', '5x06']",vughead jeronica riverdale parallel 5x01 5x06
"@adoreschoni YEEEEEES, JERONICA https://t.co/ChS2WryiYs",False,en,3,0,2021-02-24 23:24:32,1364717881611735045,"{'neg': 0.0, 'neu': 1.0, 'pos': 0.0, 'compound': 0.0}","['yeeeeees', 'jeronica']",yeeeeees jeronica
RT @jeronnica: it‚Äôs what i deserve #barchie #jeronica https://t.co/bHSg8quBu9,False,en,0,18,2021-02-24 22:22:38,1364702304092364802,"{'neg': 0.0, 'neu': 1.0, 'pos': 0.0, 'compound': 0.0}","['deserve', 'barchie', 'jeronica']",deserve barchie jeronica
this is a win for the jeronica friendship community. in the second pic he looks amused he‚Äôs just like oh veronica singing again typical veronica she hasn‚Äôt changed one bit she‚Äôs still the same old veronica WHICH IS ONE OF THE HIGHEST FORMS OF AFFECTION https://t.co/HZAaG0z2NT,True,en,15,1,2021-02-24 22:12:09,1364699662154891266,"{'neg': 0.0, 'neu': 0.713, 'pos': 0.287, 'compound': 0.9445}","['win', 'jeronica', 'friendship', 'community', 'second', 'pic', 'looks', 'amused', 'like', 'oh', 'veronica', 'singing', 'typical', 'veronica', 'changed', 'one', 'bit', 'still', 'old', 'veronica', 'one', 'highest', 'forms', 'affection']",win jeronica friendship community second pic looks amused like oh veronica singing typical veronica changed one bit still old veronica one highest forms affection
RT @cherryplushies: Manifesting for Jeronica crumbs tomorrow omg please! üò©ü•∫ #Riverdale #Jeronica #Vughead https://t.co/8Ec65aC1V0,False,en,0,5,2021-02-24 21:32:38,1364689719280492544,"{'neg': 0.0, 'neu': 0.834, 'pos': 0.166, 'compound': 0.3802}","['manifesting', 'jeronica', 'crumbs', 'tomorrow', 'omg', 'please', 'riverdale', 'jeronica', 'vughead']",manifesting jeronica crumbs tomorrow omg please riverdale jeronica vughead
I am living for this crumb #jeronica https://t.co/xBjznxbSMt,False,en,41,5,2021-02-24 16:31:55,1364614040195125256,"{'neg': 0.0, 'neu': 1.0, 'pos': 0.0, 'compound': 0.0}","['living', 'crumb', 'jeronica']",living crumb jeronica
@BarchiePortal @landofbarchie OMG!!! YES. now only Vughead-Jeronica is missing https://t.co/Es0QFoX1oC,False,en,3,0,2021-02-24 15:36:18,1364600045182533647,"{'neg': 0.152, 'neu': 0.551, 'pos': 0.297, 'compound': 0.4782}","['omg', 'yes', 'vughead', 'jeronica', 'missing']",omg yes vughead jeronica missing
"Why are the riverdale writers so scary to let Jughead and Veronica interact?? The time jump + Barchie was the perfect time to finally explore Jeronica but nope. I‚Äôm seeing the potential with Jughead and Tabitha doe,won‚Äôt lie. #RiverdaleSeason5 #Riverdale #jughead #Jughead",False,en,8,1,2021-02-24 13:15:51,1364564700818771972,"{'neg': 0.066, 'neu': 0.881, 'pos': 0.053, 'compound': -0.1451}","['riverdale', 'writers', 'scary', 'let', 'jughead', 'veronica', 'interact', 'time', 'jump', 'barchie', 'perfect', 'time', 'finally', 'explore', 'jeronica', 'nope', 'seeing', 'potential', 'jughead', 'tabitha', 'doe', 'lie', 'riverdaleseason5', 'riverdale', 'jughead', 'jughead']",riverdale writers scary let jughead veronica interact time jump barchie perfect time finally explore jeronica nope seeing potential jughead tabitha doe lie riverdaleseason5 riverdale jughead jughead
"RT @RiverdaleRefer1: Prayer circle:

                    üïØ      üïØ
           üïØ                         üïØ
                    Jeronica‚Ä¶",False,en,0,10,2021-02-24 11:51:45,1364543537417777153,"{'neg': 0.0, 'neu': 1.0, 'pos': 0.0, 'compound': 0.0}","['prayer', 'circle', 'jeronica']",prayer circle jeronica
Manifesting for Jeronica crumbs tomorrow omg please! üò©ü•∫ #Riverdale #Jeronica #Vughead https://t.co/8Ec65aC1V0,False,en,25,5,2021-02-24 03:18:17,1364414317618212866,"{'neg': 0.0, 'neu': 0.809, 'pos': 0.191, 'compound': 0.3802}","['manifesting', 'jeronica', 'crumbs', 'tomorrow', 'omg', 'please', 'riverdale', 'jeronica', 'vughead']",manifesting jeronica crumbs tomorrow omg please riverdale jeronica vughead
"RT @BarrosEsquerdo: I find it interesting how the Riverdale series makes Jugh and Veronica so compatible. The two have surreal connections,‚Ä¶",False,en,0,9,2021-02-23 21:56:14,1364333269634998278,"{'neg': 0.0, 'neu': 0.876, 'pos': 0.124, 'compound': 0.4019}","['find', 'interesting', 'riverdale', 'series', 'makes', 'jugh', 'veronica', 'compatible', 'two', 'surreal', 'connections']",find interesting riverdale series makes jugh veronica compatible two surreal connections
@ShellyLahey Guess this is where she goes full circle back to being a jeronica acting as if she never leftü§≠,False,en,3,0,2021-02-23 19:59:16,1364303834722443270,"{'neg': 0.0, 'neu': 1.0, 'pos': 0.0, 'compound': 0.0}","['guess', 'goes', 'full', 'circle', 'back', 'jeronica', 'acting', 'never', 'left']",guess goes full circle back jeronica acting never left
"Happy Birthday to lovely friend, fellow jeronica warrior &amp; just overall badass awesome person @talllestiptoes ! Hopefully you're enjoying the day despite these batshit times &lt;3 https://t.co/y4bLJBRXaV",False,en,0,0,2021-02-23 19:00:08,1364288954539900928,"{'neg': 0.038, 'neu': 0.455, 'pos': 0.507, 'compound': 0.9665}","['happy', 'birthday', 'lovely', 'friend', 'fellow', 'jeronica', 'warrior', 'amp', 'overall', 'badass', 'awesome', 'person', 'hopefully', 'enjoying', 'day', 'despite', 'batshit', 'times', 'lt', '3']",happy birthday lovely friend fellow jeronica warrior amp overall badass awesome person hopefully enjoying day despite batshit times lt 3
Went back to when she started hating Jeronica for not having scenes and...? https://t.co/h1k7BOZCFi,False,en,7,0,2021-02-23 13:24:31,1364204495144509444,"{'neg': 0.202, 'neu': 0.798, 'pos': 0.0, 'compound': -0.5106}","['went', 'back', 'started', 'hating', 'jeronica', 'scenes']",went back started hating jeronica scenes
@barcheated ... Jessica?? Why would she come back to him when he treated her like trash? And Betty has no feelings for him anymore it‚Äôs been seven years üò≠üò≠üò≠ anyways the way she gave up on Jeronica and suddenly is acting like she always shipped them and that she didn‚Äôt make fun of us......,False,en,3,0,2021-02-23 13:11:36,1364201242545717249,"{'neg': 0.036, 'neu': 0.819, 'pos': 0.145, 'compound': 0.7677}","['jessica', 'would', 'come', 'back', 'treated', 'like', 'trash', 'betty', 'feelings', 'anymore', 'seven', 'years', 'anyways', 'way', 'gave', 'jeronica', 'suddenly', 'acting', 'like', 'always', 'shipped', 'make', 'fun', 'us']",jessica would come back treated like trash betty feelings anymore seven years anyways way gave jeronica suddenly acting like always shipped make fun us
